ID_cliente;Nobre_cliente;Veces alojamiento;Aloj suma PAX;Aloj prom PAX;Aloj suma NOCHES;Aloj prom NOCHES;Aloj suma VALOR PAX;Aloj prom VALOR PAX2;Aloj suma VR EVENTO;Aloj prom VR EVENTO2;Veces pasadia;Pasadia sum PAX;Pasadia prom PAX;Pasadia sum NOCHES;Pasadia prom NOCHES;Pasadia sum VALOR PAX;Pasadia prom VALOR PAX2;Pasadia sum VR EVENTO;Pasadia prom VR EVENTO2;Veces sin salon;Sin salon sum PAX;Sin salon prom  PAX;Sin salon sum NOCHES;Sin salon prom  NOCHES;Sin salon sum VALOR PAX;Sin salon prom  VALOR PAX2;Sin salon sum VR EVENTO;Sin salon prom  VR EVENTO2;Total veces;Total PAX;Total prom PAX;Total noches;Prom noches;Total val PAX;Promedio valor PAX;Total hotel;Promedio hotel
8015387;Tipo_P_1533;0;0;0;0;0;0;0;0;0;1;45;45;0;0;203336;203336;9150120;9150120;0;0;0;0;0;0;0;0;0;1;45;45;0;0;203336;203336;9150120;9150120
8017998;Tipo_PN_34164;1;165;165;1;1;221267;221267;50029855;50029855;0;0;0;0;0;0;0;0;0;0;0;0;0;0;0;0;0;0;1;165;165;1;1;221267;221267;50029855;50029855
8020080;Tipo_P_297;1;38;38;1;1;242051;242051;13174338;13174338;0;0;0;0;0;0;0;0;0;1;92;92;2;2;232753;232753;62128852;62128852;2;130;65;3;1,5;474804;237402;75303190;37651595
8025824;Tipo_P_64501;1;50;50;4;4;273956;273956;59247900;59247900;0;0;0;0;0;0;0;0;0;0;0;0;0;0;0;0;0;0;1;50;50;4;4;273956;273956;59247900;59247900
8026439;Tipo_P_7713;0;0;0;0;0;0;0;0;0;1;40;40;0;0;111750;111750;4470000;4470000;0;0;0;0;0;0;0;0;0;1;40;40;0;0;111750;111750;4470000;4470000
8031680;Tipo_P_2752;1;45;45;1;1;215150;215150;14070350;14070350;0;0;0;0;0;0;0;0;0;0;0;0;0;0;0;0;0;0;1;45;45;1;1;215150;215150;14070350;14070350
8033383;Tipo_P_64347;1;89;89;3;3;152243;152243;47256081;47256081;0;0;0;0;0;0;0;0;0;0;0;0;0;0;0;0;0;0;1;89;89;3;3;152243;152243;47256081;47256081
8033883;Tipo_P_669;1;2;2;3;3;242900;242900;1457400;1457400;0;0;0;0;0;0;0;0;0;0;0;0;0;0;0;0;0;0;1;2;2;3;3;242900;242900;1457400;1457400
8039525;Tipo_P_2041;0;0;0;0;0;0;0;0;0;1;39;39;0;0;43300;43300;1688700;1688700;0;0;0;0;0;0;0;0;0;1;39;39;0;0;43300;43300;1688700;1688700
8048072;Tipo_P_1365;1;76;76;2;2;245474;245474;37312048;37312048;0;0;0;0;0;0;0;0;0;0;0;0;0;0;0;0;0;0;1;76;76;2;2;245474;245474;37312048;37312048
8059627;Tipo_P_112;2;171;171;2;1;0;0;16030970;8015485;5;325;81,25;3;0,6;701284;175321;20312150;4062430;2;0;0;0;0;0;0;10586675;5293337,5;9;496;99,2;5;0,555555556;701284;140256,8;46929795;5214421,667
8060604;Tipo_P_1356;1;29;29;3;3;171123;171123;19583069;19583069;0;0;0;0;0;0;0;0;0;0;0;0;0;0;0;0;0;0;1;29;29;3;3;171123;171123;19583069;19583069
8060965;Tipo_P_1410;1;0;0;1;1;0;0;22996200;22996200;0;0;0;0;0;0;0;0;0;0;0;0;0;0;0;0;0;0;1;0;0;1;1;0;0;22996200;22996200
8061459;Tipo_P_57;1;38;38;4;4;224722;224722;36833144;36833144;0;0;0;0;0;0;0;0;0;0;0;0;0;0;0;0;0;0;1;38;38;4;4;224722;224722;36833144;36833144
8069696;Tipo_P_327;1;120;120;2;2;264727;264727;77595592;77595592;0;0;0;0;0;0;0;0;0;0;0;0;0;0;0;0;0;0;1;120;120;2;2;264727;264727;77595592;77595592
8082644;Tipo_P_1390;1;0;0;3;3;0;0;13754856;13754856;0;0;0;0;0;0;0;0;0;0;0;0;0;0;0;0;0;0;1;0;0;3;3;0;0;13754856;13754856
8090763;Tipo_P_314;2;16;8;2;1;543675;271837,5;4832200;2416100;0;0;0;0;0;0;0;0;0;0;0;0;0;0;0;0;0;0;2;16;8;2;1;543675;271837,5;4832200;2416100
8097284;Tipo_P_2739;1;64;64;1;1;148538;148538;12167432;12167432;0;0;0;0;0;0;0;0;0;0;0;0;0;0;0;0;0;0;1;64;64;1;1;148538;148538;12167432;12167432
8105492;Tipo_P_134;2;10;10;1;0,5;225250;225250;4707500;2353750;0;0;0;0;0;0;0;0;0;0;0;0;0;0;0;0;0;0;2;10;10;1;0,5;225250;225250;4707500;2353750
8112298;Tipo_P_632;1;34;34;4;4;0;0;65018602;65018602;0;0;0;0;0;0;0;0;0;0;0;0;0;0;0;0;0;0;1;34;34;4;4;0;0;65018602;65018602
8114970;Tipo_P_836;0;0;0;0;0;0;0;0;0;0;0;0;0;0;0;0;0;0;1;2;2;1;1;252200;252200;504400;504400;1;2;2;1;1;252200;252200;504400;504400
8118326;Tipo_PN_34267;0;0;0;0;0;0;0;0;0;1;13;13;0;0;130850;130850;3598300;3598300;0;0;0;0;0;0;0;0;0;1;13;13;0;0;130850;130850;3598300;3598300
8120604;Tipo_P_2812;0;0;0;0;0;0;0;0;0;1;15;15;0;0;130850;130850;2862750;2862750;0;0;0;0;0;0;0;0;0;1;15;15;0;0;130850;130850;2862750;2862750
8120867;Tipo_P_737;1;20;20;1;1;252160;252160;23010710;23010710;0;0;0;0;0;0;0;0;0;0;0;0;0;0;0;0;0;0;1;20;20;1;1;252160;252160;23010710;23010710
8124679;Tipo_P_604;2;249;124,5;6;3;309001;154500,5;131842684;65921342;1;24;24;0;0;99000;99000;2376000;2376000;0;0;0;0;0;0;0;0;0;3;273;91;6;2;408001;136000,3333;134218684;44739561,33
8144205;Tipo_P_630;2;41;20,5;5;2,5;618649;309324,5;49879931;24939965,5;0;0;0;0;0;0;0;0;0;0;0;0;0;0;0;0;0;0;2;41;20,5;5;2,5;618649;309324,5;49879931;24939965,5
8149261;Tipo_P_8;0;0;0;0;0;0;0;0;0;0;0;0;0;0;0;0;0;0;1;2;2;2;2;242900;242900;971600;971600;1;2;2;2;2;242900;242900;971600;971600
8167395;Tipo_N_10;2;18;18;1;0,5;263350;263350;35466866;17733433;0;0;0;0;0;0;0;0;0;0;0;0;0;0;0;0;0;0;2;18;18;1;0,5;263350;263350;35466866;17733433
8169084;Tipo_P_13441;0;0;0;0;0;0;0;0;0;1;3;3;1;1;258333;258333;4970549;4970549;0;0;0;0;0;0;0;0;0;1;3;3;1;1;258333;258333;4970549;4970549
8169211;Tipo_P_64341;1;107;107;1;1;266079;266079;44400081;44400081;0;0;0;0;0;0;0;0;0;0;0;0;0;0;0;0;0;0;1;107;107;1;1;266079;266079;44400081;44400081
8173078;Tipo_P_2952;1;4;4;2;2;199225;199225;1593800;1593800;0;0;0;0;0;0;0;0;0;0;0;0;0;0;0;0;0;0;1;4;4;2;2;199225;199225;1593800;1593800
8174599;Tipo_P_64;1;0;0;2;2;0;0;5457600;5457600;0;0;0;0;0;0;0;0;0;1;20;20;2;2;219170;219170;10505900;10505900;2;20;20;4;2;219170;219170;15963500;7981750
8174985;Tipo_P_2826;1;5;5;1;1;270680;270680;3589850;3589850;0;0;0;0;0;0;0;0;0;0;0;0;0;0;0;0;0;0;1;5;5;1;1;270680;270680;3589850;3589850
8189269;Tipo_P_1459;1;0;0;1;1;0;0;16715813;16715813;0;0;0;0;0;0;0;0;0;0;0;0;0;0;0;0;0;0;1;0;0;1;1;0;0;16715813;16715813
8202238;Tipo_N_7;1;33;33;2;2;223001;223001;16892466;16892466;0;0;0;0;0;0;0;0;0;0;0;0;0;0;0;0;0;0;1;33;33;2;2;223001;223001;16892466;16892466
8207137;Tipo_P_307;1;32;32;2;2;248110;248110;25157659;25157659;0;0;0;0;0;0;0;0;0;0;0;0;0;0;0;0;0;0;1;32;32;2;2;248110;248110;25157659;25157659
8208486;Tipo_D_13;1;0;0;0;0;0;0;16593400;16593400;0;0;0;0;0;0;0;0;0;0;0;0;0;0;0;0;0;0;1;0;0;0;0;0;0;16593400;16593400
8211864;Tipo_N_6;3;58;29;3;1;485800;242900;41247786;13749262;0;0;0;0;0;0;0;0;0;0;0;0;0;0;0;0;0;0;3;58;29;3;1;485800;242900;41247786;13749262
8215088;Tipo_P_64489;1;50;50;0;0;99000;99000;9990850;9990850;0;0;0;0;0;0;0;0;0;0;0;0;0;0;0;0;0;0;1;50;50;0;0;99000;99000;9990850;9990850
8218714;Tipo_P_48;2;10;10;1;0,5;0;0;4314290;2157145;1;10;10;0;0;28100;28100;281000;281000;0;0;0;0;0;0;0;0;0;3;20;10;1;0,333333333;28100;28100;4595290;1531763,333
8219323;Tipo_P_64608;1;2;2;1;1;301500;301500;9999300;9999300;0;0;0;0;0;0;0;0;0;0;0;0;0;0;0;0;0;0;1;2;2;1;1;301500;301500;9999300;9999300
8233486;Tipo_P_1378;1;26;26;2;2;244681;244681;15530562;15530562;0;0;0;0;0;0;0;0;0;0;0;0;0;0;0;0;0;0;1;26;26;2;2;244681;244681;15530562;15530562
8244389;Tipo_D_34;2;105;105;2;1;248254;248254;66603948;33301974;0;0;0;0;0;0;0;0;0;0;0;0;0;0;0;0;0;0;2;105;105;2;1;248254;248254;66603948;33301974
8244427;Tipo_P_100;1;4;4;3;3;161352;161352;1936224;1936224;0;0;0;0;0;0;0;0;0;0;0;0;0;0;0;0;0;0;1;4;4;3;3;161352;161352;1936224;1936224
8248217;Tipo_P_73;2;9;9;2;1;289200;289200;12065853;6032926,5;0;0;0;0;0;0;0;0;0;0;0;0;0;0;0;0;0;0;2;9;9;2;1;289200;289200;12065853;6032926,5
8256285;Tipo_P_131;2;84;42;5;2,5;540043;270021,5;166790907;83395453,5;0;0;0;0;0;0;0;0;0;0;0;0;0;0;0;0;0;0;2;84;42;5;2,5;540043;270021,5;166790907;83395453,5
8257875;Tipo_P_122;6;597;149,25;14;2,333333333;935455;233863,75;643292891;107215481,8;0;0;0;0;0;0;0;0;0;1;192;192;1;1;233058;233058;81799446;81799446;7;789;157,8;15;2,142857143;1168513;233702,6;725092337;103584619,6
8260098;Tipo_P_1010;2;0;0;0;0;0;0;2235200;1117600;0;0;0;0;0;0;0;0;0;0;0;0;0;0;0;0;0;0;2;0;0;0;0;0;0;2235200;1117600
8270186;Tipo_P_64586;6;218;43,6;6;1;967004;241751;65093624;10848937,33;0;0;0;0;0;0;0;0;0;0;0;0;0;0;0;0;0;0;6;218;43,6;6;1;967004;241751;65093624;10848937,33
8270295;Tipo_P_64681;1;160;160;1;1;214826;214826;47942160;47942160;0;0;0;0;0;0;0;0;0;0;0;0;0;0;0;0;0;0;1;160;160;1;1;214826;214826;47942160;47942160
8275377;Tipo_P_721;0;0;0;0;0;0;0;0;0;1;58;58;0;0;89100;89100;6939000;6939000;1;0;0;0;0;0;0;4950000;4950000;2;58;58;0;0;89100;89100;11889000;5944500
8277065;Tipo_P_127;1;25;25;1;1;157378;157378;12553550;12553550;0;0;0;0;0;0;0;0;0;0;0;0;0;0;0;0;0;0;1;25;25;1;1;157378;157378;12553550;12553550
8279346;Tipo_N_3;0;0;0;0;0;0;0;0;0;1;49;49;0;0;130850;130850;8011650;8011650;0;0;0;0;0;0;0;0;0;1;49;49;0;0;130850;130850;8011650;8011650
8289554;Tipo_D_70;1;0;0;1;1;0;0;6220590;6220590;0;0;0;0;0;0;0;0;0;0;0;0;0;0;0;0;0;0;1;0;0;1;1;0;0;6220590;6220590
8292959;Tipo_PN_34294;1;19;19;2;2;198165;198165;11530270;11530270;0;0;0;0;0;0;0;0;0;0;0;0;0;0;0;0;0;0;1;19;19;2;2;198165;198165;11530270;11530270
8298131;Tipo_P_494;1;0;0;1;1;0;0;557200;557200;0;0;0;0;0;0;0;0;0;0;0;0;0;0;0;0;0;0;1;0;0;1;1;0;0;557200;557200
8305639;Tipo_P_757;1;0;0;1;1;0;0;7923995;7923995;0;0;0;0;0;0;0;0;0;0;0;0;0;0;0;0;0;0;1;0;0;1;1;0;0;7923995;7923995
8309585;Tipo_P_585;0;0;0;0;0;0;0;0;0;1;100;100;0;0;13189;13189;1318900;1318900;0;0;0;0;0;0;0;0;0;1;100;100;0;0;13189;13189;1318900;1318900
8324837;Tipo_P_742;1;41;41;1;1;216504;216504;10233764;10233764;0;0;0;0;0;0;0;0;0;0;0;0;0;0;0;0;0;0;1;41;41;1;1;216504;216504;10233764;10233764
8325528;Tipo_P_13956;0;0;0;0;0;0;0;0;0;1;12;12;0;0;245417;245417;2945004;2945004;0;0;0;0;0;0;0;0;0;1;12;12;0;0;245417;245417;2945004;2945004
8340938;Tipo_P_64459;1;0;0;1;1;0;0;128888343;128888343;1;120;120;0;0;99000;99000;16362000;16362000;0;0;0;0;0;0;0;0;0;2;120;120;1;0,5;99000;99000;145250343;72625171,5
8343949;Tipo_N_124;1;0;0;1;1;0;0;77435442;77435442;0;0;0;0;0;0;0;0;0;0;0;0;0;0;0;0;0;0;1;0;0;1;1;0;0;77435442;77435442
8352196;Tipo_P_8616;1;28;28;1;1;193650;193650;8716600;8716600;0;0;0;0;0;0;0;0;0;0;0;0;0;0;0;0;0;0;1;28;28;1;1;193650;193650;8716600;8716600
8352991;Tipo_P_133;1;117;117;4;4;155813;155813;143141384;143141384;0;0;0;0;0;0;0;0;0;0;0;0;0;0;0;0;0;0;1;117;117;4;4;155813;155813;143141384;143141384
8362146;Tipo_P_79;2;8;4;2;1;242900;242900;2101620;1050810;0;0;0;0;0;0;0;0;0;0;0;0;0;0;0;0;0;0;2;8;4;2;1;242900;242900;2101620;1050810
8362880;Tipo_N_22;2;174;87;2;1;430414;215207;51634366;25817183;0;0;0;0;0;0;0;0;0;0;0;0;0;0;0;0;0;0;2;174;87;2;1;430414;215207;51634366;25817183
8367843;Tipo_P_598;2;227;113,5;3;1,5;227484;227484;115890971;57945485,5;0;0;0;0;0;0;0;0;0;0;0;0;0;0;0;0;0;0;2;227;113,5;3;1,5;227484;227484;115890971;57945485,5
8369127;Tipo_N_14;2;369;184,5;4;2;453748;226874;294678626;147339313;1;9;9;0;0;99000;99000;1586000;1586000;0;0;0;0;0;0;0;0;0;3;378;126;4;1,333333333;552748;184249,3333;296264626;98754875,33
8370928;Tipo_P_2730;2;0;0;3;1,5;0;0;51562866;25781433;0;0;0;0;0;0;0;0;0;0;0;0;0;0;0;0;0;0;2;0;0;3;1,5;0;0;51562866;25781433
8386677;Tipo_P_877;1;15;15;2;2;256475;256475;8256950;8256950;0;0;0;0;0;0;0;0;0;0;0;0;0;0;0;0;0;0;1;15;15;2;2;256475;256475;8256950;8256950
8388636;Tipo_P_28;0;0;0;0;0;0;0;0;0;0;0;0;0;0;0;0;0;0;1;4;4;2;2;218284;218284;1746272;1746272;1;4;4;2;2;218284;218284;1746272;1746272
8389540;Tipo_P_126;1;17;17;2;2;219506;219506;7463204;7463204;1;14;14;0;0;19650;19650;275100;275100;0;0;0;0;0;0;0;0;0;2;31;15,5;2;1;239156;119578;7738304;3869152
8394343;Tipo_P_508;0;0;0;0;0;0;0;0;0;0;0;0;0;0;0;0;0;0;1;0;0;0;0;0;0;1287000;1287000;1;0;0;0;0;0;0;1287000;1287000
8394602;Tipo_N_11;3;0;0;5;1,666666667;0;0;12030246;4010082;0;0;0;0;0;0;0;0;0;0;0;0;0;0;0;0;0;0;3;0;0;5;1,666666667;0;0;12030246;4010082
8402612;Tipo_P_1991;0;0;0;0;0;0;0;0;0;1;15;15;0;0;111750;111750;1676250;1676250;0;0;0;0;0;0;0;0;0;1;15;15;0;0;111750;111750;1676250;1676250
8404377;Tipo_N_21;0;0;0;0;0;0;0;0;0;2;146;73;0;0;198000;99000;19560655;9780327,5;0;0;0;0;0;0;0;0;0;2;146;73;0;0;198000;99000;19560655;9780327,5
8416221;Tipo_P_2761;1;15;15;1;1;289200;289200;6712300;6712300;0;0;0;0;0;0;0;0;0;0;0;0;0;0;0;0;0;0;1;15;15;1;1;289200;289200;6712300;6712300
8426141;Tipo_P_64546;1;136;136;2;2;225240;225240;83082460;83082460;0;0;0;0;0;0;0;0;0;0;0;0;0;0;0;0;0;0;1;136;136;2;2;225240;225240;83082460;83082460
8426350;Tipo_P_1713;0;0;0;0;0;0;0;0;0;0;0;0;0;0;0;0;0;0;1;11;11;2;2;205772;205772;4935084;4935084;1;11;11;2;2;205772;205772;4935084;4935084
8446476;Tipo_P_920;0;0;0;0;0;0;0;0;0;1;36;36;0;0;110895;110895;6332620;6332620;0;0;0;0;0;0;0;0;0;1;36;36;0;0;110895;110895;6332620;6332620
8454769;Tipo_P_1559;1;0;0;1;1;0;0;8893606;8893606;0;0;0;0;0;0;0;0;0;0;0;0;0;0;0;0;0;0;1;0;0;1;1;0;0;8893606;8893606
8466664;Tipo_P_64375;1;41;41;2;2;243367;243367;29399794;29399794;0;0;0;0;0;0;0;0;0;0;0;0;0;0;0;0;0;0;1;41;41;2;2;243367;243367;29399794;29399794
8472135;Tipo_N_30;3;279;139,5;9;3;421931;210965,5;338020640;112673546,7;0;0;0;0;0;0;0;0;0;0;0;0;0;0;0;0;0;0;3;279;139,5;9;3;421931;210965,5;338020640;112673546,7
8478580;Tipo_N_53;1;21;21;1;1;194575;194575;6472775;6472775;0;0;0;0;0;0;0;0;0;0;0;0;0;0;0;0;0;0;1;21;21;1;1;194575;194575;6472775;6472775
8487369;Tipo_P_17;1;86;86;1;1;247548;247548;26289128;26289128;0;0;0;0;0;0;0;0;0;0;0;0;0;0;0;0;0;0;1;86;86;1;1;247548;247548;26289128;26289128
8487571;Tipo_P_64355;1;132;132;1;1;221800;221800;29277600;29277600;0;0;0;0;0;0;0;0;0;0;0;0;0;0;0;0;0;0;1;132;132;1;1;221800;221800;29277600;29277600
8489725;Tipo_P_1716;1;15;15;1;1;223786;223786;4906434;4906434;0;0;0;0;0;0;0;0;0;0;0;0;0;0;0;0;0;0;1;15;15;1;1;223786;223786;4906434;4906434
8491368;Tipo_D_5;4;180;180;4;1;215150;215150;158063889;39515972,25;0;0;0;0;0;0;0;0;0;1;121;121;1;1;223000;223000;26983000;26983000;5;301;150,5;5;1;438150;219075;185046889;37009377,8
8498522;Tipo_P_64348;1;98;98;2;2;261394;261394;61395524;61395524;0;0;0;0;0;0;0;0;0;0;0;0;0;0;0;0;0;0;1;98;98;2;2;261394;261394;61395524;61395524
8504393;Tipo_P_64821;1;5;5;1;1;252160;252160;1762300;1762300;0;0;0;0;0;0;0;0;0;0;0;0;0;0;0;0;0;0;1;5;5;1;1;252160;252160;1762300;1762300
8512850;Tipo_D_59;2;121;121;2;1;215150;215150;72047517;36023758,5;0;0;0;0;0;0;0;0;0;0;0;0;0;0;0;0;0;0;2;121;121;2;1;215150;215150;72047517;36023758,5
8513799;Tipo_D_1;1;33;33;1;1;236530;236530;10591080;10591080;1;20;20;0;0;99000;99000;4844945;4844945;0;0;0;0;0;0;0;0;0;2;53;26,5;1;0,5;335530;167765;15436025;7718012,5
8516338;Tipo_P_222;1;27;27;1;1;225433;225433;9224919;9224919;0;0;0;0;0;0;0;0;0;0;0;0;0;0;0;0;0;0;1;27;27;1;1;225433;225433;9224919;9224919
8517037;Tipo_P_25;1;132;132;3;3;0;0;139763764;139763764;0;0;0;0;0;0;0;0;0;0;0;0;0;0;0;0;0;0;1;132;132;3;3;0;0;139763764;139763764
8517219;Tipo_P_145;2;597;298,5;2;1;409379;204689,5;208049851;104024925,5;0;0;0;0;0;0;0;0;0;0;0;0;0;0;0;0;0;0;2;597;298,5;2;1;409379;204689,5;208049851;104024925,5
8522464;Tipo_P_316;1;96;96;4;4;190272;190272;94728190;94728190;0;0;0;0;0;0;0;0;0;0;0;0;0;0;0;0;0;0;1;96;96;4;4;190272;190272;94728190;94728190
8525508;Tipo_P_24;3;147;73,5;5;1,666666667;438361;219180,5;174068754;58022918;0;0;0;0;0;0;0;0;0;0;0;0;0;0;0;0;0;0;3;147;73,5;5;1,666666667;438361;219180,5;174068754;58022918
8525693;Tipo_P_794;1;17;17;3;3;0;0;15494173;15494173;0;0;0;0;0;0;0;0;0;0;0;0;0;0;0;0;0;0;1;17;17;3;3;0;0;15494173;15494173
8526670;Tipo_P_115;4;34;34;8;2;138743;138743;13520924;3380231;0;0;0;0;0;0;0;0;0;6;8;4;13;2,166666667;430400;215200;9579600;1596600;10;42;14;21;2,1;569143;189714,3333;23100524;2310052,4
8529423;Tipo_P_3097;0;0;0;0;0;0;0;0;0;1;39;39;0;0;251091;251091;9792549;9792549;0;0;0;0;0;0;0;0;0;1;39;39;0;0;251091;251091;9792549;9792549
8531494;Tipo_P_1369;2;148;74;4;2;109557;109557;40901240;20450620;1;6;6;0;0;69300;69300;415800;415800;0;0;0;0;0;0;0;0;0;3;154;51,33333333;4;1,333333333;178857;89428,5;41317040;13772346,67
8534237;Tipo_P_64372;1;0;0;3;3;0;0;54849500;54849500;0;0;0;0;0;0;0;0;0;0;0;0;0;0;0;0;0;0;1;0;0;3;3;0;0;54849500;54849500
8539313;Tipo_N_66;7;275;45,83333333;8;1,142857143;1126061;187676,8333;338291982;48327426;33;429;21,45;0;0;1778145;98785,83333;104380444;3163043,758;7;2;2;2;0,285714286;239200;239200;14828390;2118341,429;47;706;26,14814815;10;0,212765957;3143406;125736,24;457500816;9734059,915
8544751;Tipo_P_42;1;35;35;2;2;203844;203844;22041780;22041780;0;0;0;0;0;0;0;0;0;0;0;0;0;0;0;0;0;0;1;35;35;2;2;203844;203844;22041780;22041780
8547933;Tipo_P_64755;1;34;34;3;3;248347;248347;32325644;32325644;0;0;0;0;0;0;0;0;0;0;0;0;0;0;0;0;0;0;1;34;34;3;3;248347;248347;32325644;32325644
8550605;Tipo_P_1386;1;46;46;3;3;0;0;31377630;31377630;0;0;0;0;0;0;0;0;0;0;0;0;0;0;0;0;0;0;1;46;46;3;3;0;0;31377630;31377630
8587191;Tipo_P_64632;1;88;88;1;1;213066;213066;22665808;22665808;0;0;0;0;0;0;0;0;0;0;0;0;0;0;0;0;0;0;1;88;88;1;1;213066;213066;22665808;22665808
8589289;Tipo_P_833;1;0;0;2;2;0;0;11054605;11054605;0;0;0;0;0;0;0;0;0;0;0;0;0;0;0;0;0;0;1;0;0;2;2;0;0;11054605;11054605
8597931;Tipo_PN_34220;1;0;0;1;1;0;0;11363100;11363100;0;0;0;0;0;0;0;0;0;0;0;0;0;0;0;0;0;0;1;0;0;1;1;0;0;11363100;11363100
8604728;Tipo_P_118;1;7;7;1;1;215150;215150;1506050;1506050;0;0;0;0;0;0;0;0;0;0;0;0;0;0;0;0;0;0;1;7;7;1;1;215150;215150;1506050;1506050
8613236;Tipo_P_676;1;44;44;3;3;247806;247806;40949992;40949992;0;0;0;0;0;0;0;0;0;0;0;0;0;0;0;0;0;0;1;44;44;3;3;247806;247806;40949992;40949992
8618081;Tipo_PN_34144;1;0;0;3;3;0;0;3873600;3873600;0;0;0;0;0;0;0;0;0;0;0;0;0;0;0;0;0;0;1;0;0;3;3;0;0;3873600;3873600
8626936;Tipo_PN_34285;1;80;80;1;1;180618;180618;14786500;14786500;0;0;0;0;0;0;0;0;0;0;0;0;0;0;0;0;0;0;1;80;80;1;1;180618;180618;14786500;14786500
8634247;Tipo_P_295;0;0;0;0;0;0;0;0;0;1;100;100;0;0;22850;22850;2285000;2285000;0;0;0;0;0;0;0;0;0;1;100;100;0;0;22850;22850;2285000;2285000
8634430;Tipo_PN_6;2;22;22;2;1;147182;147182;15130604;7565302;0;0;0;0;0;0;0;0;0;0;0;0;0;0;0;0;0;0;2;22;22;2;1;147182;147182;15130604;7565302
8640966;Tipo_P_639;1;70;70;3;3;0;0;46940880;46940880;0;0;0;0;0;0;0;0;0;0;0;0;0;0;0;0;0;0;1;70;70;3;3;0;0;46940880;46940880
8648774;Tipo_P_713;1;0;0;0;0;0;0;12547506;12547506;0;0;0;0;0;0;0;0;0;0;0;0;0;0;0;0;0;0;1;0;0;0;0;0;0;12547506;12547506
8649518;Tipo_N_33;1;50;50;1;1;270750;270750;19343700;19343700;0;0;0;0;0;0;0;0;0;0;0;0;0;0;0;0;0;0;1;50;50;1;1;270750;270750;19343700;19343700
8652552;Tipo_P_64694;1;400;400;1;1;224338;224338;147086600;147086600;0;0;0;0;0;0;0;0;0;0;0;0;0;0;0;0;0;0;1;400;400;1;1;224338;224338;147086600;147086600
8659259;Tipo_P_64473;1;40;40;2;2;264191;264191;30330280;30330280;0;0;0;0;0;0;0;0;0;0;0;0;0;0;0;0;0;0;1;40;40;2;2;264191;264191;30330280;30330280
8670483;Tipo_P_64776;1;46;46;1;1;238052;238052;16567292;16567292;0;0;0;0;0;0;0;0;0;0;0;0;0;0;0;0;0;0;1;46;46;1;1;238052;238052;16567292;16567292
8675714;Tipo_P_2840;0;0;0;0;0;0;0;0;0;1;20;20;0;0;124700;124700;3276000;3276000;0;0;0;0;0;0;0;0;0;1;20;20;0;0;124700;124700;3276000;3276000
8677591;Tipo_P_1515;1;38;38;1;1;249294;249294;11435472;11435472;0;0;0;0;0;0;0;0;0;0;0;0;0;0;0;0;0;0;1;38;38;1;1;249294;249294;11435472;11435472
8680182;Tipo_P_668;1;21;21;2;2;289200;289200;12146400;12146400;0;0;0;0;0;0;0;0;0;1;0;0;1;1;0;0;12801194;12801194;2;21;21;3;1,5;289200;289200;24947594;12473797
8682888;Tipo_P_319;1;44;44;2;2;221819;221819;21644672;21644672;0;0;0;0;0;0;0;0;0;0;0;0;0;0;0;0;0;0;1;44;44;2;2;221819;221819;21644672;21644672
8683134;Tipo_N_25;3;20;20;2;0,666666667;242900;242900;17352322;5784107,333;0;0;0;0;0;0;0;0;0;0;0;0;0;0;0;0;0;0;3;20;20;2;0,666666667;242900;242900;17352322;5784107,333
8683819;Tipo_P_2744;2;65;32,5;2;1;348548;174274;13956602;6978301;0;0;0;0;0;0;0;0;0;1;12;12;1;1;200300;200300;2848800;2848800;3;77;25,66666667;3;1;548848;182949,3333;16805402;5601800,667
8696149;Tipo_P_23;2;0;0;6;3;0;0;38691404;19345702;0;0;0;0;0;0;0;0;0;1;40;40;3;3;244255;244255;29310600;29310600;3;40;40;9;3;244255;244255;68002004;22667334,67
8704893;Tipo_P_416;1;19;19;4;4;122700;122700;12416350;12416350;0;0;0;0;0;0;0;0;0;0;0;0;0;0;0;0;0;0;1;19;19;4;4;122700;122700;12416350;12416350
8704993;Tipo_P_813;0;0;0;0;0;0;0;0;0;0;0;0;0;0;0;0;0;0;1;0;0;0;0;0;0;7264049;7264049;1;0;0;0;0;0;0;7264049;7264049
8712597;Tipo_P_64615;2;316;158;2;1;371921;185960,5;78999158;39499579;0;0;0;0;0;0;0;0;0;2;0;0;1;0,5;0;0;17241575;8620787,5;4;316;158;3;0,75;371921;185960,5;96240733;24060183,25
8716494;Tipo_P_64915;0;0;0;0;0;0;0;0;0;1;16;16;0;0;93350;93350;1493600;1493600;0;0;0;0;0;0;0;0;0;1;16;16;0;0;93350;93350;1493600;1493600
8718239;Tipo_P_64356;1;4;4;1;1;344850;344850;4336400;4336400;0;0;0;0;0;0;0;0;0;0;0;0;0;0;0;0;0;0;1;4;4;1;1;344850;344850;4336400;4336400
8728767;Tipo_P_384;1;0;0;1;1;0;0;9839420;9839420;0;0;0;0;0;0;0;0;0;0;0;0;0;0;0;0;0;0;1;0;0;1;1;0;0;9839420;9839420
8733296;Tipo_P_64447;1;118;118;2;2;266349;266349;81514950;81514950;0;0;0;0;0;0;0;0;0;0;0;0;0;0;0;0;0;0;1;118;118;2;2;266349;266349;81514950;81514950
8736078;Tipo_P_211;1;52;52;1;1;0;0;13926456;13926456;0;0;0;0;0;0;0;0;0;0;0;0;0;0;0;0;0;0;1;52;52;1;1;0;0;13926456;13926456
8736598;Tipo_P_313;1;139;139;3;3;0;0;118326094;118326094;0;0;0;0;0;0;0;0;0;0;0;0;0;0;0;0;0;0;1;139;139;3;3;0;0;118326094;118326094
8736656;Tipo_P_4468;0;0;0;0;0;0;0;0;0;0;0;0;0;0;0;0;0;0;1;0;0;0;0;0;0;990000;990000;1;0;0;0;0;0;0;990000;990000
8736659;Tipo_P_249;1;4;4;2;2;242900;242900;1943200;1943200;0;0;0;0;0;0;0;0;0;0;0;0;0;0;0;0;0;0;1;4;4;2;2;242900;242900;1943200;1943200
8740435;Tipo_P_1655;1;0;0;1;1;0;0;5866354;5866354;0;0;0;0;0;0;0;0;0;0;0;0;0;0;0;0;0;0;1;0;0;1;1;0;0;5866354;5866354
8745885;Tipo_P_673;1;74;74;3;3;163372;163372;40751584;40751584;0;0;0;0;0;0;0;0;0;0;0;0;0;0;0;0;0;0;1;74;74;3;3;163372;163372;40751584;40751584
8753920;Tipo_P_2898;0;0;0;0;0;0;0;0;0;1;49;49;0;0;115587;115587;5663763;5663763;0;0;0;0;0;0;0;0;0;1;49;49;0;0;115587;115587;5663763;5663763
8756857;Tipo_P_686;1;22;22;2;2;258880;258880;14560220;14560220;0;0;0;0;0;0;0;0;0;0;0;0;0;0;0;0;0;0;1;22;22;2;2;258880;258880;14560220;14560220
8760346;Tipo_N_9;1;32;32;1;1;215150;215150;9901806;9901806;0;0;0;0;0;0;0;0;0;1;0;0;1;1;0;0;13509992;13509992;2;32;32;2;1;215150;215150;23411798;11705899
8760750;Tipo_P_929;1;12;12;1;1;215150;215150;3342600;3342600;0;0;0;0;0;0;0;0;0;0;0;0;0;0;0;0;0;0;1;12;12;1;1;215150;215150;3342600;3342600
8763306;Tipo_P_301;2;124;62;8;4;442230;221115;161827350;80913675;0;0;0;0;0;0;0;0;0;0;0;0;0;0;0;0;0;0;2;124;62;8;4;442230;221115;161827350;80913675
8770328;Tipo_P_405;1;29;29;1;1;217703;217703;7238187;7238187;0;0;0;0;0;0;0;0;0;0;0;0;0;0;0;0;0;0;1;29;29;1;1;217703;217703;7238187;7238187
8773348;Tipo_N_79;1;40;40;1;1;216844;216844;11797760;11797760;0;0;0;0;0;0;0;0;0;0;0;0;0;0;0;0;0;0;1;40;40;1;1;216844;216844;11797760;11797760
8777859;Tipo_P_2759;1;0;0;2;2;0;0;10785792;10785792;0;0;0;0;0;0;0;0;0;0;0;0;0;0;0;0;0;0;1;0;0;2;2;0;0;10785792;10785792
8779956;Tipo_P_596;0;0;0;0;0;0;0;0;0;0;0;0;0;0;0;0;0;0;2;51;25,5;0;0;205400;102700;6686408;3343204;2;51;25,5;0;0;205400;102700;6686408;3343204
8785043;Tipo_P_366;1;0;0;0;0;0;0;7865200;7865200;1;47;47;0;0;130800;130800;6147600;6147600;0;0;0;0;0;0;0;0;0;2;47;47;0;0;130800;130800;14012800;7006400
8787351;Tipo_P_2802;0;0;0;0;0;0;0;0;0;0;0;0;0;0;0;0;0;0;1;18;18;1;1;235133;235133;5258494;5258494;1;18;18;1;1;235133;235133;5258494;5258494
8788013;Tipo_P_64497;1;5;5;5;5;321150;321150;8028750;8028750;0;0;0;0;0;0;0;0;0;0;0;0;0;0;0;0;0;0;1;5;5;5;5;321150;321150;8028750;8028750
8792350;Tipo_P_299;1;82;82;2;2;241323;241323;58608734;58608734;0;0;0;0;0;0;0;0;0;0;0;0;0;0;0;0;0;0;1;82;82;2;2;241323;241323;58608734;58608734
8799889;Tipo_D_14;1;0;0;1;1;0;0;76094122;76094122;0;0;0;0;0;0;0;0;0;0;0;0;0;0;0;0;0;0;1;0;0;1;1;0;0;76094122;76094122
8806284;Tipo_P_64401;0;0;0;0;0;0;0;0;0;0;0;0;0;0;0;0;0;0;1;0;0;1;1;0;0;4093052;4093052;1;0;0;1;1;0;0;4093052;4093052
8806512;Tipo_P_64623;1;23;23;2;2;227107;227107;15671572;15671572;0;0;0;0;0;0;0;0;0;0;0;0;0;0;0;0;0;0;1;23;23;2;2;227107;227107;15671572;15671572
8814972;Tipo_PN_34194;0;0;0;0;0;0;0;0;0;1;6;6;0;0;130850;130850;785100;785100;0;0;0;0;0;0;0;0;0;1;6;6;0;0;130850;130850;785100;785100
8815567;Tipo_P_502;1;5;5;1;1;229960;229960;1149800;1149800;0;0;0;0;0;0;0;0;0;0;0;0;0;0;0;0;0;0;1;5;5;1;1;229960;229960;1149800;1149800
8817437;Tipo_P_341;1;66;66;3;3;170077;170077;43085846;43085846;0;0;0;0;0;0;0;0;0;0;0;0;0;0;0;0;0;0;1;66;66;3;3;170077;170077;43085846;43085846
8818704;Tipo_P_1520;1;0;0;2;2;0;0;6352056;6352056;0;0;0;0;0;0;0;0;0;0;0;0;0;0;0;0;0;0;1;0;0;2;2;0;0;6352056;6352056
8820804;Tipo_P_4452;1;6;6;1;1;232533;232533;1452798;1452798;0;0;0;0;0;0;0;0;0;0;0;0;0;0;0;0;0;0;1;6;6;1;1;232533;232533;1452798;1452798
8826030;Tipo_P_64431;1;3;3;2;2;0;0;1074900;1074900;0;0;0;0;0;0;0;0;0;0;0;0;0;0;0;0;0;0;1;3;3;2;2;0;0;1074900;1074900
8837520;Tipo_P_187;1;16;16;3;3;242900;242900;16369700;16369700;0;0;0;0;0;0;0;0;0;0;0;0;0;0;0;0;0;0;1;16;16;3;3;242900;242900;16369700;16369700
8837616;Tipo_P_2053;1;14;14;2;2;228250;228250;7387960;7387960;0;0;0;0;0;0;0;0;0;0;0;0;0;0;0;0;0;0;1;14;14;2;2;228250;228250;7387960;7387960
8841706;Tipo_N_8;1;51;51;1;1;277260;277260;18654260;18654260;3;61;20,33333333;0;0;558132;186044;9795986;3265328,667;0;0;0;0;0;0;0;0;0;4;112;28;1;0,25;835392;208848;28450246;7112561,5
8844479;Tipo_P_1489;0;0;0;0;0;0;0;0;0;0;0;0;0;0;0;0;0;0;1;40;40;0;0;99000;99000;5150338;5150338;1;40;40;0;0;99000;99000;5150338;5150338
8845029;Tipo_P_715;1;20;20;2;2;0;0;14692400;14692400;0;0;0;0;0;0;0;0;0;0;0;0;0;0;0;0;0;0;1;20;20;2;2;0;0;14692400;14692400
8848717;Tipo_P_64595;5;253;50,6;5;1;1162186;232437,2;75128936;15025787,2;0;0;0;0;0;0;0;0;0;0;0;0;0;0;0;0;0;0;5;253;50,6;5;1;1162186;232437,2;75128936;15025787,2
8849420;Tipo_P_64614;1;29;29;1;1;220859;220859;7364811;7364811;0;0;0;0;0;0;0;0;0;0;0;0;0;0;0;0;0;0;1;29;29;1;1;220859;220859;7364811;7364811
8853445;Tipo_P_70;1;51;51;1;1;208331;208331;23802789;23802789;0;0;0;0;0;0;0;0;0;0;0;0;0;0;0;0;0;0;1;51;51;1;1;208331;208331;23802789;23802789
8855218;Tipo_P_738;1;15;15;1;1;187909;187909;3336135;3336135;0;0;0;0;0;0;0;0;0;0;0;0;0;0;0;0;0;0;1;15;15;1;1;187909;187909;3336135;3336135
8860125;Tipo_P_1719;1;14;14;0;0;130850;130850;2381900;2381900;1;9;9;0;0;130850;130850;1727650;1727650;0;0;0;0;0;0;0;0;0;2;23;11,5;0;0;261700;130850;4109550;2054775
8861694;Tipo_D_27;0;0;0;0;0;0;0;0;0;1;39;39;0;0;99000;99000;6891172;6891172;1;0;0;0;0;0;0;9191822;9191822;2;39;39;0;0;99000;99000;16082994;8041497
8865783;Tipo_P_64365;1;31;31;4;4;181591;181591;23471484;23471484;0;0;0;0;0;0;0;0;0;0;0;0;0;0;0;0;0;0;1;31;31;4;4;181591;181591;23471484;23471484
8867109;Tipo_P_769;0;0;0;0;0;0;0;0;0;0;0;0;0;0;0;0;0;0;1;0;0;1;1;0;0;15595209;15595209;1;0;0;1;1;0;0;15595209;15595209
8872243;Tipo_P_292;2;809;404,5;4;2;388631;194315,5;624693502;312346751;0;0;0;0;0;0;0;0;0;0;0;0;0;0;0;0;0;0;2;809;404,5;4;2;388631;194315,5;624693502;312346751
8877455;Tipo_D_62;2;39;19,5;2;1;422881;211440,5;10647199;5323599,5;0;0;0;0;0;0;0;0;0;0;0;0;0;0;0;0;0;0;2;39;19,5;2;1;422881;211440,5;10647199;5323599,5
8880382;Tipo_P_1446;1;61;61;1;1;216969;216969;18439809;18439809;0;0;0;0;0;0;0;0;0;0;0;0;0;0;0;0;0;0;1;61;61;1;1;216969;216969;18439809;18439809
8880469;Tipo_P_1345;1;55;55;2;2;307578;307578;37988240;37988240;0;0;0;0;0;0;0;0;0;1;11;11;4;4;307275;307275;13891100;13891100;2;66;33;6;3;614853;307426,5;51879340;25939670
8880643;Tipo_PN_2;2;124;62;2;1;305183;152591,5;23342292;11671146;0;0;0;0;0;0;0;0;0;0;0;0;0;0;0;0;0;0;2;124;62;2;1;305183;152591,5;23342292;11671146
8891206;Tipo_N_107;14;1147;143,375;10;0,714285714;1683182;210397,75;474410069;33886433,5;2;49;24,5;0;0;294850;147425;10192100;5096050;0;0;0;0;0;0;0;0;0;16;1196;119,6;10;0,625;1978032;197803,2;484602169;30287635,56
8892326;Tipo_N_4;1;12;12;3;3;236742;236742;10860444;10860444;0;0;0;0;0;0;0;0;0;0;0;0;0;0;0;0;0;0;1;12;12;3;3;236742;236742;10860444;10860444
8895594;Tipo_P_812;2;0;0;3;1,5;0;0;11527130;5763565;0;0;0;0;0;0;0;0;0;0;0;0;0;0;0;0;0;0;2;0;0;3;1,5;0;0;11527130;5763565
8897907;Tipo_D_51;1;52;52;0;0;0;0;6479272;6479272;0;0;0;0;0;0;0;0;0;0;0;0;0;0;0;0;0;0;1;52;52;0;0;0;0;6479272;6479272
8900282;Tipo_PN_34052;0;0;0;0;0;0;0;0;0;2;66;33;0;0;199956;99978;6565016;3282508;0;0;0;0;0;0;0;0;0;2;66;33;0;0;199956;99978;6565016;3282508
8902893;Tipo_P_637;1;109;109;1;1;250121;250121;56305043;56305043;0;0;0;0;0;0;0;0;0;0;0;0;0;0;0;0;0;0;1;109;109;1;1;250121;250121;56305043;56305043
8909361;Tipo_P_1381;2;138;69;3;1,5;241165;120582,5;23275694;11637847;0;0;0;0;0;0;0;0;0;1;0;0;2;2;0;0;21407552;21407552;3;138;69;5;1,666666667;241165;120582,5;44683246;14894415,33
8917213;Tipo_P_1730;0;0;0;0;0;0;0;0;0;0;0;0;0;0;0;0;0;0;2;0;0;2;1;0;0;4644592;2322296;2;0;0;2;1;0;0;4644592;2322296
8931072;Tipo_P_345;1;66;66;3;3;0;0;45295584;45295584;0;0;0;0;0;0;0;0;0;0;0;0;0;0;0;0;0;0;1;66;66;3;3;0;0;45295584;45295584
8931761;Tipo_P_1703;0;0;0;0;0;0;0;0;0;0;0;0;0;0;0;0;0;0;1;0;0;0;0;0;0;5150338;5150338;1;0;0;0;0;0;0;5150338;5150338
8932416;Tipo_P_64795;1;73;73;2;2;151878;151878;50209788;50209788;0;0;0;0;0;0;0;0;0;0;0;0;0;0;0;0;0;0;1;73;73;2;2;151878;151878;50209788;50209788
8935074;Tipo_P_2839;0;0;0;0;0;0;0;0;0;1;16;16;0;0;205850;205850;3293600;3293600;0;0;0;0;0;0;0;0;0;1;16;16;0;0;205850;205850;3293600;3293600
8936739;Tipo_N_34;0;0;0;0;0;0;0;0;0;3;126;42;0;0;373450;124483,3333;20079229;6693076,333;1;23;23;0;0;111750;111750;3481105;3481105;4;149;37,25;0;0;485200;121300;23560334;5890083,5
8938132;Tipo_P_820;1;13;13;2;2;215150;215150;6172400;6172400;0;0;0;0;0;0;0;0;0;0;0;0;0;0;0;0;0;0;1;13;13;2;2;215150;215150;6172400;6172400
8939736;Tipo_P_725;1;37;37;2;2;231032;231032;23164368;23164368;0;0;0;0;0;0;0;0;0;0;0;0;0;0;0;0;0;0;1;37;37;2;2;231032;231032;23164368;23164368
8954817;Tipo_PN_34436;0;0;0;0;0;0;0;0;0;1;6;6;0;0;54611;54611;327666;327666;0;0;0;0;0;0;0;0;0;1;6;6;0;0;54611;54611;327666;327666
8960368;Tipo_P_1340;1;60;60;2;2;291369;291369;35371130;35371130;0;0;0;0;0;0;0;0;0;0;0;0;0;0;0;0;0;0;1;60;60;2;2;291369;291369;35371130;35371130
8962479;Tipo_P_2797;1;27;27;1;1;215150;215150;5809050;5809050;0;0;0;0;0;0;0;0;0;0;0;0;0;0;0;0;0;0;1;27;27;1;1;215150;215150;5809050;5809050
8964387;Tipo_N_1;3;283;141,5;7;2,333333333;488814;244407;237005131;79001710,33;0;0;0;0;0;0;0;0;0;0;0;0;0;0;0;0;0;0;3;283;141,5;7;2,333333333;488814;244407;237005131;79001710,33
8971050;Tipo_P_355;2;0;0;3;1,5;0;0;30213007;15106503,5;0;0;0;0;0;0;0;0;0;0;0;0;0;0;0;0;0;0;2;0;0;3;1,5;0;0;30213007;15106503,5
8980553;Tipo_P_64478;0;0;0;0;0;0;0;0;0;0;0;0;0;0;0;0;0;0;1;0;0;0;0;0;0;1898596;1898596;1;0;0;0;0;0;0;1898596;1898596
8982847;Tipo_P_1711;1;18;18;1;1;218233;218233;5010394;5010394;0;0;0;0;0;0;0;0;0;0;0;0;0;0;0;0;0;0;1;18;18;1;1;218233;218233;5010394;5010394
8983523;Tipo_P_64406;1;20;20;1;1;243700;243700;5934000;5934000;0;0;0;0;0;0;0;0;0;0;0;0;0;0;0;0;0;0;1;20;20;1;1;243700;243700;5934000;5934000
8983526;Tipo_P_3900;0;0;0;0;0;0;0;0;0;1;17;17;0;0;130850;130850;2224450;2224450;0;0;0;0;0;0;0;0;0;1;17;17;0;0;130850;130850;2224450;2224450
8986630;Tipo_P_601;3;134;44,66666667;9;3;325713;162856,5;104736237;34912079;1;6;6;0;0;122834;122834;737004;737004;0;0;0;0;0;0;0;0;0;4;140;35;9;2,25;448547;149515,6667;105473241;26368310,25
8990514;Tipo_D_4;1;137;137;1;1;0;0;51959685;51959685;1;38;38;0;0;111750;111750;8042701;8042701;0;0;0;0;0;0;0;0;0;2;175;87,5;1;0,5;111750;111750;60002386;30001193
8998572;Tipo_P_64664;1;181;181;1;1;234135;234135;96161255;96161255;0;0;0;0;0;0;0;0;0;0;0;0;0;0;0;0;0;0;1;181;181;1;1;234135;234135;96161255;96161255
9004672;Tipo_P_1384;0;0;0;0;0;0;0;0;0;1;44;44;0;0;99000;99000;6208000;6208000;2;21;21;0;0;135800;135800;26446515;13223257,5;3;65;32,5;0;0;234800;117400;32654515;10884838,33
9005089;Tipo_P_592;1;74;74;3;3;220317;220317;73234574;73234574;0;0;0;0;0;0;0;0;0;0;0;0;0;0;0;0;0;0;1;74;74;3;3;220317;220317;73234574;73234574
9007571;Tipo_N_24;5;88;44;21;4,2;349290;174645;232427820;46485564;0;0;0;0;0;0;0;0;0;1;53;53;6;6;239064;239064;89590336;89590336;6;141;47;27;4,5;588354;196118;322018156;53669692,67
9010331;Tipo_P_1336;2;112;112;2;1;222109;222109;95800077;47900038,5;0;0;0;0;0;0;0;0;0;0;0;0;0;0;0;0;0;0;2;112;112;2;1;222109;222109;95800077;47900038,5
9012795;Tipo_P_47;1;15;15;2;2;0;0;9370500;9370500;0;0;0;0;0;0;0;0;0;1;11;11;2;2;300200;300200;7277600;7277600;2;26;13;4;2;300200;300200;16648100;8324050
9018296;Tipo_P_148;0;0;0;0;0;0;0;0;0;0;0;0;0;0;0;0;0;0;1;53;53;2;2;272181;272181;38527580;38527580;1;53;53;2;2;272181;272181;38527580;38527580
9018551;Tipo_P_2769;1;16;16;2;2;0;0;9148476;9148476;0;0;0;0;0;0;0;0;0;0;0;0;0;0;0;0;0;0;1;16;16;2;2;0;0;9148476;9148476
9026525;Tipo_P_614;3;180;90;4;1,333333333;231400;231400;87694820;29231606,67;0;0;0;0;0;0;0;0;0;0;0;0;0;0;0;0;0;0;3;180;90;4;1,333333333;231400;231400;87694820;29231606,67
9036396;Tipo_PN_34179;1;66;66;2;2;181856;181856;24064992;24064992;0;0;0;0;0;0;0;0;0;0;0;0;0;0;0;0;0;0;1;66;66;2;2;181856;181856;24064992;24064992
9041379;Tipo_P_612;1;96;96;2;2;199725;199725;62349250;62349250;0;0;0;0;0;0;0;0;0;0;0;0;0;0;0;0;0;0;1;96;96;2;2;199725;199725;62349250;62349250
9042534;Tipo_P_138;1;380;380;2;2;246400;246400;221936216;221936216;0;0;0;0;0;0;0;0;0;0;0;0;0;0;0;0;0;0;1;380;380;2;2;246400;246400;221936216;221936216
9043160;Tipo_P_4428;1;0;0;1;1;0;0;3189000;3189000;0;0;0;0;0;0;0;0;0;0;0;0;0;0;0;0;0;0;1;0;0;1;1;0;0;3189000;3189000
9043200;Tipo_P_64766;1;33;33;2;2;197689;197689;13047474;13047474;0;0;0;0;0;0;0;0;0;0;0;0;0;0;0;0;0;0;1;33;33;2;2;197689;197689;13047474;13047474
9051819;Tipo_P_703;0;0;0;0;0;0;0;0;0;0;0;0;0;0;0;0;0;0;1;19;19;3;3;254726;254726;16441856;16441856;1;19;19;3;3;254726;254726;16441856;16441856
9061316;Tipo_P_957;1;19;19;1;1;232676;232676;5388344;5388344;0;0;0;0;0;0;0;0;0;0;0;0;0;0;0;0;0;0;1;19;19;1;1;232676;232676;5388344;5388344
9068377;Tipo_P_154;4;474;118,5;4;1;860600;215150;135367200;33841800;0;0;0;0;0;0;0;0;0;0;0;0;0;0;0;0;0;0;4;474;118,5;4;1;860600;215150;135367200;33841800
9073811;Tipo_N_20;2;0;0;0;0;0;0;10687218;5343609;0;0;0;0;0;0;0;0;0;0;0;0;0;0;0;0;0;0;2;0;0;0;0;0;0;10687218;5343609
9076095;Tipo_D_23;1;69;69;1;1;217563;217563;20359253;20359253;0;0;0;0;0;0;0;0;0;0;0;0;0;0;0;0;0;0;1;69;69;1;1;217563;217563;20359253;20359253
9076409;Tipo_N_117;2;68;34;4;2;442766;221383;50476010;25238005;0;0;0;0;0;0;0;0;0;0;0;0;0;0;0;0;0;0;2;68;34;4;2;442766;221383;50476010;25238005
9077617;Tipo_P_325;2;181;90,5;2;1;440447;220223,5;81257196;40628598;0;0;0;0;0;0;0;0;0;0;0;0;0;0;0;0;0;0;2;181;90,5;2;1;440447;220223,5;81257196;40628598
9079994;Tipo_P_64351;1;40;40;2;2;270750;270750;21660000;21660000;0;0;0;0;0;0;0;0;0;0;0;0;0;0;0;0;0;0;1;40;40;2;2;270750;270750;21660000;21660000
9080413;Tipo_P_29;1;123;123;1;1;0;0;43484199;43484199;0;0;0;0;0;0;0;0;0;0;0;0;0;0;0;0;0;0;1;123;123;1;1;0;0;43484199;43484199
9105206;Tipo_P_64869;1;0;0;1;1;0;0;886500;886500;0;0;0;0;0;0;0;0;0;0;0;0;0;0;0;0;0;0;1;0;0;1;1;0;0;886500;886500
9107842;Tipo_P_64535;1;191;191;3;3;208689;208689;140675320;140675320;0;0;0;0;0;0;0;0;0;0;0;0;0;0;0;0;0;0;1;191;191;3;3;208689;208689;140675320;140675320
9109331;Tipo_P_64676;1;114;114;3;3;245608;245608;129027036;129027036;0;0;0;0;0;0;0;0;0;0;0;0;0;0;0;0;0;0;1;114;114;3;3;245608;245608;129027036;129027036
9109385;Tipo_P_617;1;100;100;4;4;161382;161382;77479800;77479800;0;0;0;0;0;0;0;0;0;0;0;0;0;0;0;0;0;0;1;100;100;4;4;161382;161382;77479800;77479800
9111016;Tipo_P_1382;3;68;34;5;1,666666667;404890;202445;30987200;10329066,67;0;0;0;0;0;0;0;0;0;0;0;0;0;0;0;0;0;0;3;68;34;5;1,666666667;404890;202445;30987200;10329066,67
9111069;Tipo_P_1398;1;51;51;2;2;224692;224692;26970084;26970084;0;0;0;0;0;0;0;0;0;0;0;0;0;0;0;0;0;0;1;51;51;2;2;224692;224692;26970084;26970084
9115904;Tipo_P_332;1;3;3;2;2;0;0;1074900;1074900;0;0;0;0;0;0;0;0;0;0;0;0;0;0;0;0;0;0;1;3;3;2;2;0;0;1074900;1074900
9118317;Tipo_N_19;1;57;57;2;2;167206;167206;27267106;27267106;1;43;43;2;2;196735;196735;22534758;22534758;0;0;0;0;0;0;0;0;0;2;100;50;4;2;363941;181970,5;49801864;24900932
9125408;Tipo_P_64880;0;0;0;0;0;0;0;0;0;1;24;24;0;0;155365;155365;3728760;3728760;0;0;0;0;0;0;0;0;0;1;24;24;0;0;155365;155365;3728760;3728760
9128903;Tipo_PN_34110;3;90;30;3;1;660539;220179,6667;30980891;10326963,67;0;0;0;0;0;0;0;0;0;0;0;0;0;0;0;0;0;0;3;90;30;3;1;660539;220179,6667;30980891;10326963,67
9130657;Tipo_P_1630;1;20;20;1;1;266050;266050;6731000;6731000;0;0;0;0;0;0;0;0;0;0;0;0;0;0;0;0;0;0;1;20;20;1;1;266050;266050;6731000;6731000
9137958;Tipo_P_64651;1;34;34;1;1;0;0;14506326;14506326;0;0;0;0;0;0;0;0;0;3;132;44;4;1,333333333;854845;284948,3333;81470696;27156898,67;4;166;41,5;5;1,25;854845;284948,3333;95977022;23994255,5
9144466;Tipo_P_93;3;0;0;6;2;0;0;2914800;971600;0;0;0;0;0;0;0;0;0;0;0;0;0;0;0;0;0;0;3;0;0;6;2;0;0;2914800;971600
9144611;Tipo_P_1644;1;23;23;0;0;130850;130850;3372550;3372550;0;0;0;0;0;0;0;0;0;1;0;0;0;0;0;0;2854555;2854555;2;23;23;0;0;130850;130850;6227105;3113552,5
9144649;Tipo_N_73;4;452;226;4;1;295323;147661,5;177420888;44355222;0;0;0;0;0;0;0;0;0;0;0;0;0;0;0;0;0;0;4;452;226;4;1;295323;147661,5;177420888;44355222
9146345;Tipo_P_18248;0;0;0;0;0;0;0;0;0;1;20;20;0;0;99000;99000;1980000;1980000;0;0;0;0;0;0;0;0;0;1;20;20;0;0;99000;99000;1980000;1980000
9146409;Tipo_P_37;1;41;41;1;1;220956;220956;10553696;10553696;0;0;0;0;0;0;0;0;0;0;0;0;0;0;0;0;0;0;1;41;41;1;1;220956;220956;10553696;10553696
9147880;Tipo_P_21;2;112;112;1;0,5;216967;216967;43119304;21559652;4;214;53,5;0;0;388950;97237,5;28075000;7018750;0;0;0;0;0;0;0;0;0;6;326;65,2;1;0,166666667;605917;121183,4;71194304;11865717,33
9148971;Tipo_P_674;1;17;17;3;3;217176;217176;11075976;11075976;0;0;0;0;0;0;0;0;0;0;0;0;0;0;0;0;0;0;1;17;17;3;3;217176;217176;11075976;11075976
9151495;Tipo_P_1349;5;112;56;5;1;377281;188640,5;36658599;7331719,8;0;0;0;0;0;0;0;0;0;1;82;82;1;1;185682;185682;25990175;25990175;6;194;64,66666667;6;1;562963;187654,3333;62648774;10441462,33
9160806;Tipo_P_727;2;48;24;3;1,5;437175;218587,5;23508610;11754305;0;0;0;0;0;0;0;0;0;0;0;0;0;0;0;0;0;0;2;48;24;3;1,5;437175;218587,5;23508610;11754305
9163220;Tipo_PN_34155;0;0;0;0;0;0;0;0;0;1;33;33;0;0;312928;312928;10326624;10326624;0;0;0;0;0;0;0;0;0;1;33;33;0;0;312928;312928;10326624;10326624
9164196;Tipo_PN_34258;1;65;65;2;2;218282;218282;34069160;34069160;0;0;0;0;0;0;0;0;0;0;0;0;0;0;0;0;0;0;1;65;65;2;2;218282;218282;34069160;34069160
9170954;Tipo_P_631;0;0;0;0;0;0;0;0;0;0;0;0;0;0;0;0;0;0;1;30;30;2;2;250396;250396;18964874;18964874;1;30;30;2;2;250396;250396;18964874;18964874
9174470;Tipo_P_98;1;30;30;1;1;169816;169816;9974780;9974780;0;0;0;0;0;0;0;0;0;0;0;0;0;0;0;0;0;0;1;30;30;1;1;169816;169816;9974780;9974780
9175420;Tipo_P_909;0;0;0;0;0;0;0;0;0;1;39;39;0;0;127217;127217;6961553;6961553;0;0;0;0;0;0;0;0;0;1;39;39;0;0;127217;127217;6961553;6961553
9175697;Tipo_P_64761;0;0;0;0;0;0;0;0;0;0;0;0;0;0;0;0;0;0;1;1;1;1;1;358100;358100;358100;358100;1;1;1;1;1;358100;358100;358100;358100
9184611;Tipo_P_58;1;9;9;2;2;233240;233240;7120520;7120520;0;0;0;0;0;0;0;0;0;0;0;0;0;0;0;0;0;0;1;9;9;2;2;233240;233240;7120520;7120520
9185151;Tipo_P_321;1;58;58;2;2;0;0;34652496;34652496;0;0;0;0;0;0;0;0;0;1;59;59;2;2;234203;234203;33611727;33611727;2;117;58,5;4;2;234203;234203;68264223;34132111,5
9187883;Tipo_P_74;1;60;60;0;0;130850;130850;19406200;19406200;0;0;0;0;0;0;0;0;0;1;0;0;0;0;0;0;6164538;6164538;2;60;60;0;0;130850;130850;25570738;12785369
9191272;Tipo_P_962;2;12;12;2;1;107600;107600;3848820;1924410;0;0;0;0;0;0;0;0;0;0;0;0;0;0;0;0;0;0;2;12;12;2;1;107600;107600;3848820;1924410
9195713;Tipo_P_935;0;0;0;0;0;0;0;0;0;0;0;0;0;0;0;0;0;0;1;0;0;2;2;0;0;5974380;5974380;1;0;0;2;2;0;0;5974380;5974380
9200141;Tipo_P_650;1;50;50;2;2;202425;202425;25572500;25572500;0;0;0;0;0;0;0;0;0;0;0;0;0;0;0;0;0;0;1;50;50;2;2;202425;202425;25572500;25572500
9208624;Tipo_P_870;0;0;0;0;0;0;0;0;0;1;22;22;0;0;111750;111750;3757266;3757266;1;0;0;0;0;0;0;3696871;3696871;2;22;22;0;0;111750;111750;7454137;3727068,5
9221621;Tipo_P_593;2;71;35,5;9;4,5;396208;198104;73090519;36545259,5;0;0;0;0;0;0;0;0;0;0;0;0;0;0;0;0;0;0;2;71;35,5;9;4,5;396208;198104;73090519;36545259,5
9224334;Tipo_P_744;1;0;0;2;2;0;0;7349600;7349600;0;0;0;0;0;0;0;0;0;0;0;0;0;0;0;0;0;0;1;0;0;2;2;0;0;7349600;7349600
9225093;Tipo_P_606;1;106;106;3;3;0;0;92744592;92744592;0;0;0;0;0;0;0;0;0;0;0;0;0;0;0;0;0;0;1;106;106;3;3;0;0;92744592;92744592
9225218;Tipo_P_64428;1;129;129;6;6;173997;173997;147432335;147432335;0;0;0;0;0;0;0;0;0;0;0;0;0;0;0;0;0;0;1;129;129;6;6;173997;173997;147432335;147432335
9232054;Tipo_P_64837;0;0;0;0;0;0;0;0;0;1;40;40;0;0;70600;70600;2824000;2824000;0;0;0;0;0;0;0;0;0;1;40;40;0;0;70600;70600;2824000;2824000
9240452;Tipo_P_24306;0;0;0;0;0;0;0;0;0;1;9;9;0;0;130850;130850;1177650;1177650;0;0;0;0;0;0;0;0;0;1;9;9;0;0;130850;130850;1177650;1177650
9248617;Tipo_P_1576;0;0;0;0;0;0;0;0;0;0;0;0;0;0;0;0;0;0;1;0;0;0;0;0;0;8685338;8685338;1;0;0;0;0;0;0;8685338;8685338
9251778;Tipo_D_39;2;85;85;0;0;111750;111750;15799664;7899832;0;0;0;0;0;0;0;0;0;0;0;0;0;0;0;0;0;0;2;85;85;0;0;111750;111750;15799664;7899832
9254095;Tipo_PN_34214;0;0;0;0;0;0;0;0;0;1;17;17;0;0;109738;109738;3778346;3778346;0;0;0;0;0;0;0;0;0;1;17;17;0;0;109738;109738;3778346;3778346
9260446;Tipo_P_64334;0;0;0;0;0;0;0;0;0;1;304;304;0;0;10181;10181;3095024;3095024;0;0;0;0;0;0;0;0;0;1;304;304;0;0;10181;10181;3095024;3095024
9268344;Tipo_PN_285;1;0;0;0;0;0;0;1260000;1260000;0;0;0;0;0;0;0;0;0;0;0;0;0;0;0;0;0;0;1;0;0;0;0;0;0;1260000;1260000
9269334;Tipo_P_3147;0;0;0;0;0;0;0;0;0;1;5;5;0;0;99000;99000;495000;495000;0;0;0;0;0;0;0;0;0;1;5;5;0;0;99000;99000;495000;495000
9274757;Tipo_P_823;1;19;19;3;3;162540;162540;10796780;10796780;0;0;0;0;0;0;0;0;0;0;0;0;0;0;0;0;0;0;1;19;19;3;3;162540;162540;10796780;10796780
9275662;Tipo_P_1473;1;0;0;2;2;0;0;15221100;15221100;0;0;0;0;0;0;0;0;0;0;0;0;0;0;0;0;0;0;1;0;0;2;2;0;0;15221100;15221100
9275722;Tipo_N_17;3;56;28;2;0,666666667;394692;197346;20436094;6812031,333;2;31;15,5;0;0;364839;182419,5;6117157;3058578,5;0;0;0;0;0;0;0;0;0;5;87;21,75;2;0,4;759531;189882,75;26553251;5310650,2
9278362;Tipo_N_68;0;0;0;0;0;0;0;0;0;2;40;20;0;0;250850;125425;4995300;2497650;0;0;0;0;0;0;0;0;0;2;40;20;0;0;250850;125425;4995300;2497650
9284267;Tipo_P_322;1;12;12;1;1;164842;164842;2632104;2632104;0;0;0;0;0;0;0;0;0;0;0;0;0;0;0;0;0;0;1;12;12;1;1;164842;164842;2632104;2632104
9286244;Tipo_N_67;2;126;126;7;3,5;222760;222760;161272280;80636140;1;130;130;0;0;111750;111750;21920200;21920200;0;0;0;0;0;0;0;0;0;3;256;128;7;2,333333333;334510;167255;183192480;61064160
9288548;Tipo_P_790;2;113;56,5;2;1;377428;188714;40877166;20438583;0;0;0;0;0;0;0;0;0;0;0;0;0;0;0;0;0;0;2;113;56,5;2;1;377428;188714;40877166;20438583
9290151;Tipo_P_64522;1;135;135;2;2;214422;214422;70762440;70762440;0;0;0;0;0;0;0;0;0;0;0;0;0;0;0;0;0;0;1;135;135;2;2;214422;214422;70762440;70762440
9308306;Tipo_P_64565;2;105;52,5;2;1;492800;246400;30355500;15177750;0;0;0;0;0;0;0;0;0;0;0;0;0;0;0;0;0;0;2;105;52,5;2;1;492800;246400;30355500;15177750
9310086;Tipo_P_589;9;618;103;18;2;1158749;193124,8333;386820566;42980062,89;0;0;0;0;0;0;0;0;0;0;0;0;0;0;0;0;0;0;9;618;103;18;2;1158749;193124,8333;386820566;42980062,89
9310904;Tipo_P_965;0;0;0;0;0;0;0;0;0;0;0;0;0;0;0;0;0;0;1;0;0;1;1;0;0;5239600;5239600;1;0;0;1;1;0;0;5239600;5239600
9315624;Tipo_P_459;0;0;0;0;0;0;0;0;0;3;39;13;0;0;99000;99000;5189644;1729881,333;0;0;0;0;0;0;0;0;0;3;39;13;0;0;99000;99000;5189644;1729881,333
9328333;Tipo_P_64480;2;54;27;4;2;265004;265004;39710086;19855043;0;0;0;0;0;0;0;0;0;0;0;0;0;0;0;0;0;0;2;54;27;4;2;265004;265004;39710086;19855043
9331921;Tipo_P_692;2;108;54;2;1;434583;217291,5;31506154;15753077;0;0;0;0;0;0;0;0;0;0;0;0;0;0;0;0;0;0;2;108;54;2;1;434583;217291,5;31506154;15753077
9334805;Tipo_P_64455;1;91;91;2;2;245522;245522;72816204;72816204;0;0;0;0;0;0;0;0;0;0;0;0;0;0;0;0;0;0;1;91;91;2;2;245522;245522;72816204;72816204
9335839;Tipo_D_56;1;101;101;2;2;0;0;60081273;60081273;0;0;0;0;0;0;0;0;0;0;0;0;0;0;0;0;0;0;1;101;101;2;2;0;0;60081273;60081273
9339244;Tipo_P_2945;0;0;0;0;0;0;0;0;0;0;0;0;0;0;0;0;0;0;1;0;0;0;0;0;0;936360;936360;1;0;0;0;0;0;0;936360;936360
9344769;Tipo_P_1663;0;0;0;0;0;0;0;0;0;0;0;0;0;0;0;0;0;0;2;5;2,5;4;2;401133;200566,5;1970230;985115;2;5;2,5;4;2;401133;200566,5;1970230;985115
9349870;Tipo_P_69;0;0;0;0;0;0;0;0;0;1;36;36;0;0;130850;130850;4710600;4710600;0;0;0;0;0;0;0;0;0;1;36;36;0;0;130850;130850;4710600;4710600
9352249;Tipo_P_129;12;664;83;15;1,25;1932471;241558,875;351795076;29316256,33;1;38;38;0;0;121600;121600;5372250;5372250;1;0;0;1;1;0;0;14479600;14479600;14;702;78;16;1,142857143;2054071;228230,1111;371646926;26546209
9355893;Tipo_P_234;1;2;2;3;3;213500;213500;1281000;1281000;0;0;0;0;0;0;0;0;0;0;0;0;0;0;0;0;0;0;1;2;2;3;3;213500;213500;1281000;1281000
9370267;Tipo_P_1552;1;45;45;1;1;0;0;9749800;9749800;0;0;0;0;0;0;0;0;0;0;0;0;0;0;0;0;0;0;1;45;45;1;1;0;0;9749800;9749800
9378179;Tipo_P_3060;1;0;0;0;0;0;0;736998;736998;0;0;0;0;0;0;0;0;0;0;0;0;0;0;0;0;0;0;1;0;0;0;0;0;0;736998;736998
9381815;Tipo_PN_34438;0;0;0;0;0;0;0;0;0;1;8;8;0;0;130850;130850;1046800;1046800;0;0;0;0;0;0;0;0;0;1;8;8;0;0;130850;130850;1046800;1046800
9384990;Tipo_P_3;1;17;17;3;3;251294;251294;20061194;20061194;0;0;0;0;0;0;0;0;0;0;0;0;0;0;0;0;0;0;1;17;17;3;3;251294;251294;20061194;20061194
9387144;Tipo_P_628;0;0;0;0;0;0;0;0;0;0;0;0;0;0;0;0;0;0;1;54;54;5;5;210394;210394;70740856;70740856;1;54;54;5;5;210394;210394;70740856;70740856
9387846;Tipo_P_654;3;54;27;5;1,666666667;0;0;45653486;15217828,67;0;0;0;0;0;0;0;0;0;0;0;0;0;0;0;0;0;0;3;54;27;5;1,666666667;0;0;45653486;15217828,67
9394169;Tipo_P_750;0;0;0;0;0;0;0;0;0;0;0;0;0;0;0;0;0;0;1;34;34;2;2;227529;227529;17124572;17124572;1;34;34;2;2;227529;227529;17124572;17124572
9394319;Tipo_P_64924;0;0;0;0;0;0;0;0;0;1;400;400;0;0;11971;11971;4788400;4788400;0;0;0;0;0;0;0;0;0;1;400;400;0;0;11971;11971;4788400;4788400
9395223;Tipo_P_583;1;0;0;1;1;0;0;42890220;42890220;0;0;0;0;0;0;0;0;0;0;0;0;0;0;0;0;0;0;1;0;0;1;1;0;0;42890220;42890220
9396176;Tipo_P_602;3;396;132;3;1;480665;240332,5;128034316;42678105,33;0;0;0;0;0;0;0;0;0;0;0;0;0;0;0;0;0;0;3;396;132;3;1;480665;240332,5;128034316;42678105,33
9399848;Tipo_PN_34487;0;0;0;0;0;0;0;0;0;1;4;4;0;0;111750;111750;447000;447000;0;0;0;0;0;0;0;0;0;1;4;4;0;0;111750;111750;447000;447000
9400167;Tipo_P_32;1;2;2;2;2;0;0;1004600;1004600;0;0;0;0;0;0;0;0;0;0;0;0;0;0;0;0;0;0;1;2;2;2;2;0;0;1004600;1004600
9404057;Tipo_P_171;0;0;0;0;0;0;0;0;0;0;0;0;0;0;0;0;0;0;1;12;12;3;3;274211;274211;12479452;12479452;1;12;12;3;3;274211;274211;12479452;12479452
9405732;Tipo_P_64583;1;126;126;1;1;245924;245924;39008624;39008624;0;0;0;0;0;0;0;0;0;0;0;0;0;0;0;0;0;0;1;126;126;1;1;245924;245924;39008624;39008624
9408067;Tipo_P_2133;3;25;12,5;0;0;0;0;1159500;386500;0;0;0;0;0;0;0;0;0;0;0;0;0;0;0;0;0;0;3;25;12,5;0;0;0;0;1159500;386500
9410290;Tipo_P_130;1;151;151;2;2;0;0;91300298;91300298;0;0;0;0;0;0;0;0;0;0;0;0;0;0;0;0;0;0;1;151;151;2;2;0;0;91300298;91300298
9414893;Tipo_P_19;4;496;165,3333333;4;1;613199;204399,6667;226028756;56507189;2;23;11,5;0;0;261700;130850;3794950;1897475;0;0;0;0;0;0;0;0;0;6;519;103,8;4;0,666666667;874899;174979,8;229823706;38303951
9415033;Tipo_P_1401;1;108;108;1;1;167057;167057;26859656;26859656;0;0;0;0;0;0;0;0;0;0;0;0;0;0;0;0;0;0;1;108;108;1;1;167057;167057;26859656;26859656
9416251;Tipo_P_764;4;0;0;3;0,75;0;0;2195700;548925;0;0;0;0;0;0;0;0;0;0;0;0;0;0;0;0;0;0;4;0;0;3;0,75;0;0;2195700;548925
9423645;Tipo_P_64369;0;0;0;0;0;0;0;0;0;1;100;100;0;0;66228;66228;6622800;6622800;0;0;0;0;0;0;0;0;0;1;100;100;0;0;66228;66228;6622800;6622800
9432683;Tipo_P_634;1;106;106;2;2;232327;232327;60109624;60109624;0;0;0;0;0;0;0;0;0;0;0;0;0;0;0;0;0;0;1;106;106;2;2;232327;232327;60109624;60109624
9433989;Tipo_P_860;1;4;4;1;1;270750;270750;1535500;1535500;1;36;36;0;0;121030;121030;5397480;5397480;0;0;0;0;0;0;0;0;0;2;40;20;1;0,5;391780;195890;6932980;3466490
9434180;Tipo_P_443;0;0;0;0;0;0;0;0;0;0;0;0;0;0;0;0;0;0;1;14;14;1;1;223400;223400;3798200;3798200;1;14;14;1;1;223400;223400;3798200;3798200
9437972;Tipo_P_293;1;70;70;2;2;192537;192537;37126080;37126080;0;0;0;0;0;0;0;0;0;0;0;0;0;0;0;0;0;0;1;70;70;2;2;192537;192537;37126080;37126080
9442530;Tipo_PN_34087;1;0;0;0;0;0;0;11215200;11215200;0;0;0;0;0;0;0;0;0;0;0;0;0;0;0;0;0;0;1;0;0;0;0;0;0;11215200;11215200
9444429;Tipo_P_64339;2;65;32,5;2;1;398693;199346,5;24033167;12016583,5;0;0;0;0;0;0;0;0;0;0;0;0;0;0;0;0;0;0;2;65;32,5;2;1;398693;199346,5;24033167;12016583,5
9445948;Tipo_P_1758;1;16;16;1;1;193635;193635;4251232;4251232;0;0;0;0;0;0;0;0;0;0;0;0;0;0;0;0;0;0;1;16;16;1;1;193635;193635;4251232;4251232
9447450;Tipo_P_3166;1;0;0;0;0;0;0;396000;396000;0;0;0;0;0;0;0;0;0;0;0;0;0;0;0;0;0;0;1;0;0;0;0;0;0;396000;396000
9451416;Tipo_D_50;7;84;16,8;10;1,428571429;1065961;213192,2;49441731;7063104,429;1;17;17;0;0;100747;100747;1712699;1712699;0;0;0;0;0;0;0;0;0;8;101;16,83333333;10;1,25;1166708;194451,3333;51154430;6394303,75
9457062;Tipo_P_15171;0;0;0;0;0;0;0;0;0;1;29;29;0;0;111750;111750;3405850;3405850;0;0;0;0;0;0;0;0;0;1;29;29;0;0;111750;111750;3405850;3405850
9467241;Tipo_P_64654;0;0;0;0;0;0;0;0;0;1;80;80;1;1;56800;56800;4544000;4544000;0;0;0;0;0;0;0;0;0;1;80;80;1;1;56800;56800;4544000;4544000
9469821;Tipo_P_64613;1;380;380;1;1;246400;246400;115821206;115821206;0;0;0;0;0;0;0;0;0;0;0;0;0;0;0;0;0;0;1;380;380;1;1;246400;246400;115821206;115821206
9472165;Tipo_P_64547;1;0;0;2;2;0;0;183683691;183683691;0;0;0;0;0;0;0;0;0;0;0;0;0;0;0;0;0;0;1;0;0;2;2;0;0;183683691;183683691
9478912;Tipo_P_1648;1;0;0;1;1;0;0;3186156;3186156;0;0;0;0;0;0;0;0;0;1;0;0;1;1;0;0;2980256;2980256;2;0;0;2;1;0;0;6166412;3083206
9485986;Tipo_P_1377;1;98;98;1;1;172150;172150;28750320;28750320;0;0;0;0;0;0;0;0;0;0;0;0;0;0;0;0;0;0;1;98;98;1;1;172150;172150;28750320;28750320
9486691;Tipo_P_64358;2;209;104,5;4;2;296315;296315;127370835;63685417,5;0;0;0;0;0;0;0;0;0;0;0;0;0;0;0;0;0;0;2;209;104,5;4;2;296315;296315;127370835;63685417,5
9488242;Tipo_P_64728;1;0;0;2;2;0;0;57791205;57791205;0;0;0;0;0;0;0;0;0;0;0;0;0;0;0;0;0;0;1;0;0;2;2;0;0;57791205;57791205
9493674;Tipo_P_64557;2;120;60;2;1;317414;158707;24928384;12464192;0;0;0;0;0;0;0;0;0;0;0;0;0;0;0;0;0;0;2;120;60;2;1;317414;158707;24928384;12464192
9495309;Tipo_P_680;1;7;7;1;1;225729;225729;2017428;2017428;0;0;0;0;0;0;0;0;0;0;0;0;0;0;0;0;0;0;1;7;7;1;1;225729;225729;2017428;2017428
9495982;Tipo_P_4445;0;0;0;0;0;0;0;0;0;1;0;0;0;0;0;0;1682100;1682100;0;0;0;0;0;0;0;0;0;1;0;0;0;0;0;0;1682100;1682100
9497521;Tipo_N_5;1;34;34;2;2;218650;218650;23441140;23441140;1;34;34;0;0;155637;155637;5291658;5291658;0;0;0;0;0;0;0;0;0;2;68;34;2;1;374287;187143,5;28732798;14366399
9508998;Tipo_P_1425;2;12;12;7;3,5;179525;179525;13105992;6552996;0;0;0;0;0;0;0;0;0;0;0;0;0;0;0;0;0;0;2;12;12;7;3,5;179525;179525;13105992;6552996
9510527;Tipo_P_644;2;0;0;3;1,5;0;0;41560432;20780216;0;0;0;0;0;0;0;0;0;1;0;0;1;1;0;0;557200;557200;3;0;0;4;1,333333333;0;0;42117632;14039210,67
9526614;Tipo_P_64545;1;23;23;3;3;294899;294899;28314231;28314231;0;0;0;0;0;0;0;0;0;0;0;0;0;0;0;0;0;0;1;23;23;3;3;294899;294899;28314231;28314231
9528830;Tipo_P_326;1;65;65;4;4;243971;243971;73100060;73100060;0;0;0;0;0;0;0;0;0;0;0;0;0;0;0;0;0;0;1;65;65;4;4;243971;243971;73100060;73100060
9528834;Tipo_P_168;0;0;0;0;0;0;0;0;0;1;132;132;0;0;111800;111800;21398600;21398600;0;0;0;0;0;0;0;0;0;1;132;132;0;0;111800;111800;21398600;21398600
9545920;Tipo_D_32;3;0;0;2;0,666666667;0;0;62089144;20696381,33;0;0;0;0;0;0;0;0;0;0;0;0;0;0;0;0;0;0;3;0;0;2;0,666666667;0;0;62089144;20696381,33
9547119;Tipo_P_599;1;64;64;4;4;0;0;86072819;86072819;0;0;0;0;0;0;0;0;0;0;0;0;0;0;0;0;0;0;1;64;64;4;4;0;0;86072819;86072819
9552776;Tipo_P_17538;0;0;0;0;0;0;0;0;0;1;21;21;0;0;111750;111750;2609250;2609250;0;0;0;0;0;0;0;0;0;1;21;21;0;0;111750;111750;2609250;2609250
9565456;Tipo_PN_34115;0;0;0;0;0;0;0;0;0;0;0;0;0;0;0;0;0;0;1;0;0;0;0;0;0;1368250;1368250;1;0;0;0;0;0;0;1368250;1368250
9569561;Tipo_D_37;3;0;0;5;1,666666667;0;0;21394594;7131531,333;0;0;0;0;0;0;0;0;0;0;0;0;0;0;0;0;0;0;3;0;0;5;1,666666667;0;0;21394594;7131531,333
9573675;Tipo_P_1391;1;57;57;1;1;197596;197596;23481372;23481372;0;0;0;0;0;0;0;0;0;0;0;0;0;0;0;0;0;0;1;57;57;1;1;197596;197596;23481372;23481372
9575566;Tipo_P_64684;2;415;207,5;2;1;443600;221800;137617620;68808810;0;0;0;0;0;0;0;0;0;0;0;0;0;0;0;0;0;0;2;415;207,5;2;1;443600;221800;137617620;68808810
9589553;Tipo_P_22;2;0;0;2;1;0;0;30531005;15265502,5;0;0;0;0;0;0;0;0;0;0;0;0;0;0;0;0;0;0;2;0;0;2;1;0;0;30531005;15265502,5
9590603;Tipo_N_75;0;0;0;0;0;0;0;0;0;1;13;13;0;0;168970;168970;2196610;2196610;0;0;0;0;0;0;0;0;0;1;13;13;0;0;168970;168970;2196610;2196610
9600744;Tipo_D_16;1;13;13;1;1;246461;246461;3966093;3966093;0;0;0;0;0;0;0;0;0;0;0;0;0;0;0;0;0;0;1;13;13;1;1;246461;246461;3966093;3966093
9602323;Tipo_P_1367;2;124;62;2;1;454767;227383,5;34507690;17253845;0;0;0;0;0;0;0;0;0;0;0;0;0;0;0;0;0;0;2;124;62;2;1;454767;227383,5;34507690;17253845
9611658;Tipo_D_9;1;0;0;0;0;0;0;30058652;30058652;1;234;234;0;0;107151;107151;36307276;36307276;0;0;0;0;0;0;0;0;0;2;234;234;0;0;107151;107151;66365928;33182964
9613962;Tipo_P_64529;1;180;180;1;1;185448;185448;44747380;44747380;0;0;0;0;0;0;0;0;0;0;0;0;0;0;0;0;0;0;1;180;180;1;1;185448;185448;44747380;44747380
9622340;Tipo_P_64867;0;0;0;0;0;0;0;0;0;0;0;0;0;0;0;0;0;0;1;13;13;2;2;253907;253907;7602982;7602982;1;13;13;2;2;253907;253907;7602982;7602982
9624340;Tipo_P_609;1;39;39;3;3;0;0;37551561;37551561;0;0;0;0;0;0;0;0;0;0;0;0;0;0;0;0;0;0;1;39;39;3;3;0;0;37551561;37551561
9625316;Tipo_P_20;1;34;34;3;3;220466;220466;24261009;24261009;0;0;0;0;0;0;0;0;0;1;216;216;3;3;247420;247420;222034560;222034560;2;250;125;6;3;467886;233943;246295569;123147784,5
9626340;Tipo_P_64510;1;20;20;1;1;246400;246400;9502000;9502000;0;0;0;0;0;0;0;0;0;0;0;0;0;0;0;0;0;0;1;20;20;1;1;246400;246400;9502000;9502000
9629259;Tipo_P_101;0;0;0;0;0;0;0;0;0;0;0;0;0;0;0;0;0;0;2;0;0;0;0;0;0;8079758;4039879;2;0;0;0;0;0;0;8079758;4039879
9634546;Tipo_P_64550;1;0;0;1;1;0;0;20217250;20217250;0;0;0;0;0;0;0;0;0;0;0;0;0;0;0;0;0;0;1;0;0;1;1;0;0;20217250;20217250
9647092;Tipo_P_1383;0;0;0;0;0;0;0;0;0;0;0;0;0;0;0;0;0;0;1;0;0;1;1;0;0;33791999;33791999;1;0;0;1;1;0;0;33791999;33791999
9654380;Tipo_P_913;4;0;0;12;3;0;0;6788400;1697100;0;0;0;0;0;0;0;0;0;0;0;0;0;0;0;0;0;0;4;0;0;12;3;0;0;6788400;1697100
9661104;Tipo_P_123;0;0;0;0;0;0;0;0;0;1;13;13;0;0;117253;117253;1954189;1954189;1;0;0;0;0;0;0;1787591;1787591;2;13;13;0;0;117253;117253;3741780;1870890
9662323;Tipo_P_3151;1;2;2;1;1;242900;242900;485800;485800;0;0;0;0;0;0;0;0;0;0;0;0;0;0;0;0;0;0;1;2;2;1;1;242900;242900;485800;485800
9664238;Tipo_D_2;1;6;6;2;2;0;0;4430046;4430046;0;0;0;0;0;0;0;0;0;0;0;0;0;0;0;0;0;0;1;6;6;2;2;0;0;4430046;4430046
9665446;Tipo_P_869;2;13;13;2;1;242900;242900;6870860;3435430;0;0;0;0;0;0;0;0;0;0;0;0;0;0;0;0;0;0;2;13;13;2;1;242900;242900;6870860;3435430
9671508;Tipo_PN_34311;0;0;0;0;0;0;0;0;0;3;120;60;0;0;208975;69658,33333;16646300;5548766,667;0;0;0;0;0;0;0;0;0;3;120;60;0;0;208975;69658,33333;16646300;5548766,667
9680165;Tipo_P_8818;0;0;0;0;0;0;0;0;0;1;37;37;0;0;109170;109170;6338590;6338590;0;0;0;0;0;0;0;0;0;1;37;37;0;0;109170;109170;6338590;6338590
9689319;Tipo_P_723;0;0;0;0;0;0;0;0;0;0;0;0;0;0;0;0;0;0;2;4;4;3;1,5;188950;188950;11669805;5834902,5;2;4;4;3;1,5;188950;188950;11669805;5834902,5
9707548;Tipo_PN_34038;3;36;18;4;1,333333333;224404;224404;21635570;7211856,667;0;0;0;0;0;0;0;0;0;0;0;0;0;0;0;0;0;0;3;36;18;4;1,333333333;224404;224404;21635570;7211856,667
9710786;Tipo_PN_34113;0;0;0;0;0;0;0;0;0;1;45;45;0;0;91565;91565;4120425;4120425;0;0;0;0;0;0;0;0;0;1;45;45;0;0;91565;91565;4120425;4120425
9715083;Tipo_P_64367;1;158;158;2;2;223102;223102;89943712;89943712;0;0;0;0;0;0;0;0;0;0;0;0;0;0;0;0;0;0;1;158;158;2;2;223102;223102;89943712;89943712
9719429;Tipo_P_64750;0;0;0;0;0;0;0;0;0;1;8;8;0;0;154000;154000;1232000;1232000;0;0;0;0;0;0;0;0;0;1;8;8;0;0;154000;154000;1232000;1232000
9720061;Tipo_P_636;2;53;53;2;1;151338;151338;23246787;11623393,5;0;0;0;0;0;0;0;0;0;0;0;0;0;0;0;0;0;0;2;53;53;2;1;151338;151338;23246787;11623393,5
9720878;Tipo_N_32;0;0;0;0;0;0;0;0;0;1;7;7;0;0;316964;316964;2218748;2218748;0;0;0;0;0;0;0;0;0;1;7;7;0;0;316964;316964;2218748;2218748
9726448;Tipo_N_23;2;102;51;3;1,5;280537;140268,5;51129502;25564751;4;226;56,5;0;0;408750;102187,5;30242060;7560515;0;0;0;0;0;0;0;0;0;6;328;54,66666667;3;0,5;689287;114881,1667;81371562;13561927
9734613;Tipo_P_641;1;115;115;1;1;210481;210481;40987315;40987315;0;0;0;0;0;0;0;0;0;0;0;0;0;0;0;0;0;0;1;115;115;1;1;210481;210481;40987315;40987315
9743710;Tipo_P_64885;1;402;402;1;1;0;0;89552400;89552400;0;0;0;0;0;0;0;0;0;0;0;0;0;0;0;0;0;0;1;402;402;1;1;0;0;89552400;89552400
9756191;Tipo_P_357;2;41;20,5;4;2;216846;216846;25933338;12966669;0;0;0;0;0;0;0;0;0;0;0;0;0;0;0;0;0;0;2;41;20,5;4;2;216846;216846;25933338;12966669
9769160;Tipo_P_64512;1;42;42;1;1;225479;225479;42376918;42376918;0;0;0;0;0;0;0;0;0;0;0;0;0;0;0;0;0;0;1;42;42;1;1;225479;225479;42376918;42376918
9770335;Tipo_P_615;2;59;59;2;1;223616;223616;49504667;24752333,5;0;0;0;0;0;0;0;0;0;1;2;2;2;2;242900;242900;971600;971600;3;61;30,5;4;1,333333333;466516;233258;50476267;16825422,33
9774947;Tipo_P_2743;1;31;31;2;2;251281;251281;17565672;17565672;0;0;0;0;0;0;0;0;0;0;0;0;0;0;0;0;0;0;1;31;31;2;2;251281;251281;17565672;17565672
9776556;Tipo_P_64537;1;17;17;2;2;196783;196783;6690622;6690622;0;0;0;0;0;0;0;0;0;0;0;0;0;0;0;0;0;0;1;17;17;2;2;196783;196783;6690622;6690622
9783644;Tipo_P_2741;0;0;0;0;0;0;0;0;0;0;0;0;0;0;0;0;0;0;1;48;48;1;1;239341;239341;17607878;17607878;1;48;48;1;1;239341;239341;17607878;17607878
9792657;Tipo_P_608;1;145;145;2;2;247310;247310;99911750;99911750;0;0;0;0;0;0;0;0;0;0;0;0;0;0;0;0;0;0;1;145;145;2;2;247310;247310;99911750;99911750
9795104;Tipo_P_911;0;0;0;0;0;0;0;0;0;1;18;18;0;0;130850;130850;3445300;3445300;1;0;0;0;0;0;0;2863406;2863406;2;18;18;0;0;130850;130850;6308706;3154353
9797792;Tipo_P_1479;1;54;54;1;1;220632;220632;14504928;14504928;0;0;0;0;0;0;0;0;0;0;0;0;0;0;0;0;0;0;1;54;54;1;1;220632;220632;14504928;14504928
9803807;Tipo_P_64470;1;29;29;1;1;265009;265009;9351861;9351861;0;0;0;0;0;0;0;0;0;0;0;0;0;0;0;0;0;0;1;29;29;1;1;265009;265009;9351861;9351861
9806344;Tipo_P_309;1;0;0;4;4;0;0;70837964;70837964;0;0;0;0;0;0;0;0;0;0;0;0;0;0;0;0;0;0;1;0;0;4;4;0;0;70837964;70837964
9815505;Tipo_PN_34125;0;0;0;0;0;0;0;0;0;1;36;36;0;0;130850;130850;4710600;4710600;0;0;0;0;0;0;0;0;0;1;36;36;0;0;130850;130850;4710600;4710600
9826249;Tipo_P_64345;1;0;0;1;1;0;0;90849844;90849844;0;0;0;0;0;0;0;0;0;0;0;0;0;0;0;0;0;0;1;0;0;1;1;0;0;90849844;90849844
9828587;Tipo_P_2795;1;16;16;1;1;373000;373000;6190500;6190500;0;0;0;0;0;0;0;0;0;0;0;0;0;0;0;0;0;0;1;16;16;1;1;373000;373000;6190500;6190500
9837065;Tipo_P_2909;0;0;0;0;0;0;0;0;0;1;19;19;0;0;137850;137850;2619150;2619150;1;15;15;0;0;130900;130900;1963500;1963500;2;34;17;0;0;268750;134375;4582650;2291325
9838090;Tipo_P_33;1;46;46;1;1;216759;216759;13723914;13723914;0;0;0;0;0;0;0;0;0;0;0;0;0;0;0;0;0;0;1;46;46;1;1;216759;216759;13723914;13723914
9844031;Tipo_P_2729;0;0;0;0;0;0;0;0;0;0;0;0;0;0;0;0;0;0;1;0;0;0;0;0;0;26587800;26587800;1;0;0;0;0;0;0;26587800;26587800
9844343;Tipo_P_30;2;248;124;2;1;378107;189053,5;122596839;61298419,5;0;0;0;0;0;0;0;0;0;1;0;0;1;1;0;0;61850761;61850761;3;248;124;3;1;378107;189053,5;184447600;61482533,33
9844507;Tipo_P_625;1;0;0;2;2;0;0;44214238;44214238;0;0;0;0;0;0;0;0;0;0;0;0;0;0;0;0;0;0;1;0;0;2;2;0;0;44214238;44214238
9845946;Tipo_P_64905;3;188;62,66666667;3;1;667642;222547,3333;58231790;19410596,67;0;0;0;0;0;0;0;0;0;0;0;0;0;0;0;0;0;0;3;188;62,66666667;3;1;667642;222547,3333;58231790;19410596,67
9851032;Tipo_P_76;0;0;0;0;0;0;0;0;0;1;172;172;0;0;85712;85712;19030764;19030764;0;0;0;0;0;0;0;0;0;1;172;172;0;0;85712;85712;19030764;19030764
9851721;Tipo_P_64517;0;0;0;0;0;0;0;0;0;1;15;15;0;0;130850;130850;3162750;3162750;0;0;0;0;0;0;0;0;0;1;15;15;0;0;130850;130850;3162750;3162750
9855883;Tipo_PN_34053;1;30;30;2;2;162262;162262;9735720;9735720;0;0;0;0;0;0;0;0;0;0;0;0;0;0;0;0;0;0;1;30;30;2;2;162262;162262;9735720;9735720
9864737;Tipo_N_16;2;21;21;1;0,5;221319;221319;27710139;13855069,5;1;242;242;0;0;100575;100575;32302932;32302932;0;0;0;0;0;0;0;0;0;3;263;131,5;1;0,333333333;321894;160947;60013071;20004357
9873509;Tipo_P_819;1;0;0;1;1;0;0;12435271;12435271;0;0;0;0;0;0;0;0;0;0;0;0;0;0;0;0;0;0;1;0;0;1;1;0;0;12435271;12435271
9886137;Tipo_N_72;0;0;0;0;0;0;0;0;0;1;32;32;0;0;105984;105984;4958322;4958322;0;0;0;0;0;0;0;0;0;1;32;32;0;0;105984;105984;4958322;4958322
9889910;Tipo_PN_294;1;0;0;0;0;0;0;332000;332000;0;0;0;0;0;0;0;0;0;0;0;0;0;0;0;0;0;0;1;0;0;0;0;0;0;332000;332000
9895439;Tipo_D_35;2;32;32;2;1;220933;220933;24899849;12449924,5;0;0;0;0;0;0;0;0;0;0;0;0;0;0;0;0;0;0;2;32;32;2;1;220933;220933;24899849;12449924,5
9901380;Tipo_PN_34303;1;0;0;4;4;0;0;34412990;34412990;0;0;0;0;0;0;0;0;0;0;0;0;0;0;0;0;0;0;1;0;0;4;4;0;0;34412990;34412990
9903985;Tipo_N_70;1;0;0;1;1;0;0;5557307;5557307;0;0;0;0;0;0;0;0;0;0;0;0;0;0;0;0;0;0;1;0;0;1;1;0;0;5557307;5557307
9904148;Tipo_PN_34411;4;452;226;4;1;390276;195138;233222652;58305663;0;0;0;0;0;0;0;0;0;0;0;0;0;0;0;0;0;0;4;452;226;4;1;390276;195138;233222652;58305663
9905689;Tipo_P_64670;1;46;46;2;2;0;0;18996712;18996712;0;0;0;0;0;0;0;0;0;0;0;0;0;0;0;0;0;0;1;46;46;2;2;0;0;18996712;18996712
9906391;Tipo_P_64340;1;0;0;3;3;0;0;16177073;16177073;0;0;0;0;0;0;0;0;0;0;0;0;0;0;0;0;0;0;1;0;0;3;3;0;0;16177073;16177073
9906702;Tipo_P_588;1;55;55;1;1;252767;252767;13902185;13902185;0;0;0;0;0;0;0;0;0;0;0;0;0;0;0;0;0;0;1;55;55;1;1;252767;252767;13902185;13902185
9912385;Tipo_P_953;2;4;4;6;3;0;0;5497200;2748600;0;0;0;0;0;0;0;0;0;0;0;0;0;0;0;0;0;0;2;4;4;6;3;0;0;5497200;2748600
9914326;Tipo_P_741;0;0;0;0;0;0;0;0;0;0;0;0;0;0;0;0;0;0;1;0;0;0;0;0;0;6753600;6753600;1;0;0;0;0;0;0;6753600;6753600
9914467;Tipo_P_64759;1;23;23;1;1;254915;254915;14365963;14365963;0;0;0;0;0;0;0;0;0;0;0;0;0;0;0;0;0;0;1;23;23;1;1;254915;254915;14365963;14365963
9916416;Tipo_P_1380;1;22;22;2;2;196680;196680;9580120;9580120;0;0;0;0;0;0;0;0;0;1;0;0;2;2;0;0;19665190;19665190;2;22;22;4;2;196680;196680;29245310;14622655
9928126;Tipo_P_663;1;183;183;1;1;151922;151922;45509326;45509326;0;0;0;0;0;0;0;0;0;0;0;0;0;0;0;0;0;0;1;183;183;1;1;151922;151922;45509326;45509326
9929787;Tipo_P_2977;1;0;0;0;0;0;0;1386000;1386000;0;0;0;0;0;0;0;0;0;0;0;0;0;0;0;0;0;0;1;0;0;0;0;0;0;1386000;1386000
9937526;Tipo_P_147;5;48;48;10;2;0;0;55233828;11046765,6;0;0;0;0;0;0;0;0;0;0;0;0;0;0;0;0;0;0;5;48;48;10;2;0;0;55233828;11046765,6
9946133;Tipo_P_1362;1;70;70;2;2;220606;220606;36502240;36502240;0;0;0;0;0;0;0;0;0;0;0;0;0;0;0;0;0;0;1;70;70;2;2;220606;220606;36502240;36502240
9948145;Tipo_P_1597;1;27;27;1;1;217450;217450;7817350;7817350;0;0;0;0;0;0;0;0;0;0;0;0;0;0;0;0;0;0;1;27;27;1;1;217450;217450;7817350;7817350
9952681;Tipo_N_12;1;0;0;0;0;0;0;6695828;6695828;4;149;37,25;0;0;422850;140950;23350079;5837519,75;0;0;0;0;0;0;0;0;0;5;149;37,25;0;0;422850;140950;30045907;6009181,4
9954522;Tipo_P_64941;1;0;0;2;2;0;0;78384000;78384000;0;0;0;0;0;0;0;0;0;0;0;0;0;0;0;0;0;0;1;0;0;2;2;0;0;78384000;78384000
9966813;Tipo_P_64640;0;0;0;0;0;0;0;0;0;0;0;0;0;0;0;0;0;0;1;0;0;1;1;0;0;15822492;15822492;1;0;0;1;1;0;0;15822492;15822492
9969157;Tipo_PN_34242;1;85;85;1;1;196413;196413;19876605;19876605;0;0;0;0;0;0;0;0;0;0;0;0;0;0;0;0;0;0;1;85;85;1;1;196413;196413;19876605;19876605
9982523;Tipo_P_64585;1;78;78;1;1;281621;281621;32594198;32594198;0;0;0;0;0;0;0;0;0;0;0;0;0;0;0;0;0;0;1;78;78;1;1;281621;281621;32594198;32594198
9982894;Tipo_P_590;2;299;149,5;6;3;371607;185803,5;225322812;112661406;0;0;0;0;0;0;0;0;0;0;0;0;0;0;0;0;0;0;2;299;149,5;6;3;371607;185803,5;225322812;112661406
9983032;Tipo_P_958;1;19;19;1;1;215150;215150;5387850;5387850;0;0;0;0;0;0;0;0;0;0;0;0;0;0;0;0;0;0;1;19;19;1;1;215150;215150;5387850;5387850
9985248;Tipo_P_64858;1;13;13;1;1;340285;340285;4721605;4721605;0;0;0;0;0;0;0;0;0;0;0;0;0;0;0;0;0;0;1;13;13;1;1;340285;340285;4721605;4721605
9986814;Tipo_P_647;1;30;30;3;3;289200;289200;26028000;26028000;0;0;0;0;0;0;0;0;0;0;0;0;0;0;0;0;0;0;1;30;30;3;3;289200;289200;26028000;26028000
9992298;Tipo_P_64424;1;0;0;1;1;0;0;11370210;11370210;0;0;0;0;0;0;0;0;0;0;0;0;0;0;0;0;0;0;1;0;0;1;1;0;0;11370210;11370210
;;;;;;;;;;;;;;;;;;;;;;;;;;;;;;;;;;;;;
;;;;;;;;;;;;;;;;;;;;;;;;;;;;;;;;;;;;;
;;;;;;;;;;;;;;;;;;;;;;;;;;;;;;;;;;;;;
;;;;;;;;;;;;;;;;;;;;;;;;;;;;;;;;;;;;;
;;;;;;;;;;;;;;;;;;;;;;;;;;;;;;;;;;;;;
;;;;;;;;;;;;;;;;;;;;;;;;;;;;;;;;;;;;;
;;;;;;;;;;;;;;;;;;;;;;;;;;;;;;;;;;;;;
;;;;;;;;;;;;;;;;;;;;;;;;;;;;;;;;;;;;;
;;;;;;;;;;;;;;;;;;;;;;;;;;;;;;;;;;;;;
;;;;;;;;;;;;;;;;;;;;;;;;;;;;;;;;;;;;;
;;;;;;;;;;;;;;;;;;;;;;;;;;;;;;;;;;;;;
;;;;;;;;;;;;;;;;;;;;;;;;;;;;;;;;;;;;;
;;;;;;;;;;;;;;;;;;;;;;;;;;;;;;;;;;;;;
;;;;;;;;;;;;;;;;;;;;;;;;;;;;;;;;;;;;;
;;;;;;;;;;;;;;;;;;;;;;;;;;;;;;;;;;;;;
;;;;;;;;;;;;;;;;;;;;;;;;;;;;;;;;;;;;;
;;;;;;;;;;;;;;;;;;;;;;;;;;;;;;;;;;;;;
;;;;;;;;;;;;;;;;;;;;;;;;;;;;;;;;;;;;;
;;;;;;;;;;;;;;;;;;;;;;;;;;;;;;;;;;;;;
;;;;;;;;;;;;;;;;;;;;;;;;;;;;;;;;;;;;;
;;;;;;;;;;;;;;;;;;;;;;;;;;;;;;;;;;;;;
;;;;;;;;;;;;;;;;;;;;;;;;;;;;;;;;;;;;;
;;;;;;;;;;;;;;;;;;;;;;;;;;;;;;;;;;;;;
;;;;;;;;;;;;;;;;;;;;;;;;;;;;;;;;;;;;;
;;;;;;;;;;;;;;;;;;;;;;;;;;;;;;;;;;;;;
;;;;;;;;;;;;;;;;;;;;;;;;;;;;;;;;;;;;;
;;;;;;;;;;;;;;;;;;;;;;;;;;;;;;;;;;;;;
;;;;;;;;;;;;;;;;;;;;;;;;;;;;;;;;;;;;;
;;;;;;;;;;;;;;;;;;;;;;;;;;;;;;;;;;;;;
;;;;;;;;;;;;;;;;;;;;;;;;;;;;;;;;;;;;;
;;;;;;;;;;;;;;;;;;;;;;;;;;;;;;;;;;;;;
;;;;;;;;;;;;;;;;;;;;;;;;;;;;;;;;;;;;;
;;;;;;;;;;;;;;;;;;;;;;;;;;;;;;;;;;;;;
;;;;;;;;;;;;;;;;;;;;;;;;;;;;;;;;;;;;;
;;;;;;;;;;;;;;;;;;;;;;;;;;;;;;;;;;;;;
;;;;;;;;;;;;;;;;;;;;;;;;;;;;;;;;;;;;;
;;;;;;;;;;;;;;;;;;;;;;;;;;;;;;;;;;;;;
;;;;;;;;;;;;;;;;;;;;;;;;;;;;;;;;;;;;;
;;;;;;;;;;;;;;;;;;;;;;;;;;;;;;;;;;;;;
;;;;;;;;;;;;;;;;;;;;;;;;;;;;;;;;;;;;;
;;;;;;;;;;;;;;;;;;;;;;;;;;;;;;;;;;;;;
;;;;;;;;;;;;;;;;;;;;;;;;;;;;;;;;;;;;;
;;;;;;;;;;;;;;;;;;;;;;;;;;;;;;;;;;;;;
;;;;;;;;;;;;;;;;;;;;;;;;;;;;;;;;;;;;;
;;;;;;;;;;;;;;;;;;;;;;;;;;;;;;;;;;;;;
;;;;;;;;;;;;;;;;;;;;;;;;;;;;;;;;;;;;;
;;;;;;;;;;;;;;;;;;;;;;;;;;;;;;;;;;;;;
;;;;;;;;;;;;;;;;;;;;;;;;;;;;;;;;;;;;;
;;;;;;;;;;;;;;;;;;;;;;;;;;;;;;;;;;;;;
;;;;;;;;;;;;;;;;;;;;;;;;;;;;;;;;;;;;;
;;;;;;;;;;;;;;;;;;;;;;;;;;;;;;;;;;;;;
;;;;;;;;;;;;;;;;;;;;;;;;;;;;;;;;;;;;;
;;;;;;;;;;;;;;;;;;;;;;;;;;;;;;;;;;;;;
;;;;;;;;;;;;;;;;;;;;;;;;;;;;;;;;;;;;;
;;;;;;;;;;;;;;;;;;;;;;;;;;;;;;;;;;;;;
;;;;;;;;;;;;;;;;;;;;;;;;;;;;;;;;;;;;;
;;;;;;;;;;;;;;;;;;;;;;;;;;;;;;;;;;;;;
;;;;;;;;;;;;;;;;;;;;;;;;;;;;;;;;;;;;;
;;;;;;;;;;;;;;;;;;;;;;;;;;;;;;;;;;;;;
;;;;;;;;;;;;;;;;;;;;;;;;;;;;;;;;;;;;;
;;;;;;;;;;;;;;;;;;;;;;;;;;;;;;;;;;;;;
;;;;;;;;;;;;;;;;;;;;;;;;;;;;;;;;;;;;;
;;;;;;;;;;;;;;;;;;;;;;;;;;;;;;;;;;;;;
;;;;;;;;;;;;;;;;;;;;;;;;;;;;;;;;;;;;;
;;;;;;;;;;;;;;;;;;;;;;;;;;;;;;;;;;;;;
;;;;;;;;;;;;;;;;;;;;;;;;;;;;;;;;;;;;;
;;;;;;;;;;;;;;;;;;;;;;;;;;;;;;;;;;;;;
;;;;;;;;;;;;;;;;;;;;;;;;;;;;;;;;;;;;;
;;;;;;;;;;;;;;;;;;;;;;;;;;;;;;;;;;;;;
;;;;;;;;;;;;;;;;;;;;;;;;;;;;;;;;;;;;;
;;;;;;;;;;;;;;;;;;;;;;;;;;;;;;;;;;;;;
;;;;;;;;;;;;;;;;;;;;;;;;;;;;;;;;;;;;;
;;;;;;;;;;;;;;;;;;;;;;;;;;;;;;;;;;;;;
;;;;;;;;;;;;;;;;;;;;;;;;;;;;;;;;;;;;;
;;;;;;;;;;;;;;;;;;;;;;;;;;;;;;;;;;;;;
;;;;;;;;;;;;;;;;;;;;;;;;;;;;;;;;;;;;;
;;;;;;;;;;;;;;;;;;;;;;;;;;;;;;;;;;;;;
;;;;;;;;;;;;;;;;;;;;;;;;;;;;;;;;;;;;;
;;;;;;;;;;;;;;;;;;;;;;;;;;;;;;;;;;;;;
;;;;;;;;;;;;;;;;;;;;;;;;;;;;;;;;;;;;;
;;;;;;;;;;;;;;;;;;;;;;;;;;;;;;;;;;;;;
;;;;;;;;;;;;;;;;;;;;;;;;;;;;;;;;;;;;;
;;;;;;;;;;;;;;;;;;;;;;;;;;;;;;;;;;;;;
;;;;;;;;;;;;;;;;;;;;;;;;;;;;;;;;;;;;;
;;;;;;;;;;;;;;;;;;;;;;;;;;;;;;;;;;;;;
;;;;;;;;;;;;;;;;;;;;;;;;;;;;;;;;;;;;;
;;;;;;;;;;;;;;;;;;;;;;;;;;;;;;;;;;;;;
;;;;;;;;;;;;;;;;;;;;;;;;;;;;;;;;;;;;;
;;;;;;;;;;;;;;;;;;;;;;;;;;;;;;;;;;;;;
;;;;;;;;;;;;;;;;;;;;;;;;;;;;;;;;;;;;;
;;;;;;;;;;;;;;;;;;;;;;;;;;;;;;;;;;;;;
;;;;;;;;;;;;;;;;;;;;;;;;;;;;;;;;;;;;;
;;;;;;;;;;;;;;;;;;;;;;;;;;;;;;;;;;;;;
;;;;;;;;;;;;;;;;;;;;;;;;;;;;;;;;;;;;;
;;;;;;;;;;;;;;;;;;;;;;;;;;;;;;;;;;;;;
;;;;;;;;;;;;;;;;;;;;;;;;;;;;;;;;;;;;;
;;;;;;;;;;;;;;;;;;;;;;;;;;;;;;;;;;;;;
;;;;;;;;;;;;;;;;;;;;;;;;;;;;;;;;;;;;;
;;;;;;;;;;;;;;;;;;;;;;;;;;;;;;;;;;;;;
;;;;;;;;;;;;;;;;;;;;;;;;;;;;;;;;;;;;;
;;;;;;;;;;;;;;;;;;;;;;;;;;;;;;;;;;;;;
;;;;;;;;;;;;;;;;;;;;;;;;;;;;;;;;;;;;;
;;;;;;;;;;;;;;;;;;;;;;;;;;;;;;;;;;;;;
;;;;;;;;;;;;;;;;;;;;;;;;;;;;;;;;;;;;;
;;;;;;;;;;;;;;;;;;;;;;;;;;;;;;;;;;;;;
;;;;;;;;;;;;;;;;;;;;;;;;;;;;;;;;;;;;;
;;;;;;;;;;;;;;;;;;;;;;;;;;;;;;;;;;;;;
;;;;;;;;;;;;;;;;;;;;;;;;;;;;;;;;;;;;;
;;;;;;;;;;;;;;;;;;;;;;;;;;;;;;;;;;;;;
;;;;;;;;;;;;;;;;;;;;;;;;;;;;;;;;;;;;;
;;;;;;;;;;;;;;;;;;;;;;;;;;;;;;;;;;;;;
;;;;;;;;;;;;;;;;;;;;;;;;;;;;;;;;;;;;;
;;;;;;;;;;;;;;;;;;;;;;;;;;;;;;;;;;;;;
;;;;;;;;;;;;;;;;;;;;;;;;;;;;;;;;;;;;;
;;;;;;;;;;;;;;;;;;;;;;;;;;;;;;;;;;;;;
;;;;;;;;;;;;;;;;;;;;;;;;;;;;;;;;;;;;;
;;;;;;;;;;;;;;;;;;;;;;;;;;;;;;;;;;;;;
;;;;;;;;;;;;;;;;;;;;;;;;;;;;;;;;;;;;;
;;;;;;;;;;;;;;;;;;;;;;;;;;;;;;;;;;;;;
;;;;;;;;;;;;;;;;;;;;;;;;;;;;;;;;;;;;;
;;;;;;;;;;;;;;;;;;;;;;;;;;;;;;;;;;;;;
;;;;;;;;;;;;;;;;;;;;;;;;;;;;;;;;;;;;;
;;;;;;;;;;;;;;;;;;;;;;;;;;;;;;;;;;;;;
;;;;;;;;;;;;;;;;;;;;;;;;;;;;;;;;;;;;;
;;;;;;;;;;;;;;;;;;;;;;;;;;;;;;;;;;;;;
;;;;;;;;;;;;;;;;;;;;;;;;;;;;;;;;;;;;;
;;;;;;;;;;;;;;;;;;;;;;;;;;;;;;;;;;;;;
;;;;;;;;;;;;;;;;;;;;;;;;;;;;;;;;;;;;;
;;;;;;;;;;;;;;;;;;;;;;;;;;;;;;;;;;;;;
;;;;;;;;;;;;;;;;;;;;;;;;;;;;;;;;;;;;;
;;;;;;;;;;;;;;;;;;;;;;;;;;;;;;;;;;;;;
;;;;;;;;;;;;;;;;;;;;;;;;;;;;;;;;;;;;;
;;;;;;;;;;;;;;;;;;;;;;;;;;;;;;;;;;;;;
;;;;;;;;;;;;;;;;;;;;;;;;;;;;;;;;;;;;;
;;;;;;;;;;;;;;;;;;;;;;;;;;;;;;;;;;;;;
;;;;;;;;;;;;;;;;;;;;;;;;;;;;;;;;;;;;;
;;;;;;;;;;;;;;;;;;;;;;;;;;;;;;;;;;;;;
;;;;;;;;;;;;;;;;;;;;;;;;;;;;;;;;;;;;;
;;;;;;;;;;;;;;;;;;;;;;;;;;;;;;;;;;;;;
;;;;;;;;;;;;;;;;;;;;;;;;;;;;;;;;;;;;;
;;;;;;;;;;;;;;;;;;;;;;;;;;;;;;;;;;;;;
;;;;;;;;;;;;;;;;;;;;;;;;;;;;;;;;;;;;;
;;;;;;;;;;;;;;;;;;;;;;;;;;;;;;;;;;;;;
;;;;;;;;;;;;;;;;;;;;;;;;;;;;;;;;;;;;;
;;;;;;;;;;;;;;;;;;;;;;;;;;;;;;;;;;;;;
;;;;;;;;;;;;;;;;;;;;;;;;;;;;;;;;;;;;;
;;;;;;;;;;;;;;;;;;;;;;;;;;;;;;;;;;;;;
;;;;;;;;;;;;;;;;;;;;;;;;;;;;;;;;;;;;;
;;;;;;;;;;;;;;;;;;;;;;;;;;;;;;;;;;;;;
;;;;;;;;;;;;;;;;;;;;;;;;;;;;;;;;;;;;;
;;;;;;;;;;;;;;;;;;;;;;;;;;;;;;;;;;;;;
;;;;;;;;;;;;;;;;;;;;;;;;;;;;;;;;;;;;;
;;;;;;;;;;;;;;;;;;;;;;;;;;;;;;;;;;;;;
;;;;;;;;;;;;;;;;;;;;;;;;;;;;;;;;;;;;;
;;;;;;;;;;;;;;;;;;;;;;;;;;;;;;;;;;;;;
;;;;;;;;;;;;;;;;;;;;;;;;;;;;;;;;;;;;;
;;;;;;;;;;;;;;;;;;;;;;;;;;;;;;;;;;;;;
;;;;;;;;;;;;;;;;;;;;;;;;;;;;;;;;;;;;;
;;;;;;;;;;;;;;;;;;;;;;;;;;;;;;;;;;;;;
;;;;;;;;;;;;;;;;;;;;;;;;;;;;;;;;;;;;;
;;;;;;;;;;;;;;;;;;;;;;;;;;;;;;;;;;;;;
;;;;;;;;;;;;;;;;;;;;;;;;;;;;;;;;;;;;;
;;;;;;;;;;;;;;;;;;;;;;;;;;;;;;;;;;;;;
;;;;;;;;;;;;;;;;;;;;;;;;;;;;;;;;;;;;;
;;;;;;;;;;;;;;;;;;;;;;;;;;;;;;;;;;;;;
;;;;;;;;;;;;;;;;;;;;;;;;;;;;;;;;;;;;;
;;;;;;;;;;;;;;;;;;;;;;;;;;;;;;;;;;;;;
;;;;;;;;;;;;;;;;;;;;;;;;;;;;;;;;;;;;;
;;;;;;;;;;;;;;;;;;;;;;;;;;;;;;;;;;;;;
;;;;;;;;;;;;;;;;;;;;;;;;;;;;;;;;;;;;;
;;;;;;;;;;;;;;;;;;;;;;;;;;;;;;;;;;;;;
;;;;;;;;;;;;;;;;;;;;;;;;;;;;;;;;;;;;;
;;;;;;;;;;;;;;;;;;;;;;;;;;;;;;;;;;;;;
;;;;;;;;;;;;;;;;;;;;;;;;;;;;;;;;;;;;;
;;;;;;;;;;;;;;;;;;;;;;;;;;;;;;;;;;;;;
;;;;;;;;;;;;;;;;;;;;;;;;;;;;;;;;;;;;;
;;;;;;;;;;;;;;;;;;;;;;;;;;;;;;;;;;;;;
;;;;;;;;;;;;;;;;;;;;;;;;;;;;;;;;;;;;;
;;;;;;;;;;;;;;;;;;;;;;;;;;;;;;;;;;;;;
;;;;;;;;;;;;;;;;;;;;;;;;;;;;;;;;;;;;;
;;;;;;;;;;;;;;;;;;;;;;;;;;;;;;;;;;;;;
;;;;;;;;;;;;;;;;;;;;;;;;;;;;;;;;;;;;;
;;;;;;;;;;;;;;;;;;;;;;;;;;;;;;;;;;;;;
;;;;;;;;;;;;;;;;;;;;;;;;;;;;;;;;;;;;;
;;;;;;;;;;;;;;;;;;;;;;;;;;;;;;;;;;;;;
;;;;;;;;;;;;;;;;;;;;;;;;;;;;;;;;;;;;;
;;;;;;;;;;;;;;;;;;;;;;;;;;;;;;;;;;;;;
;;;;;;;;;;;;;;;;;;;;;;;;;;;;;;;;;;;;;
;;;;;;;;;;;;;;;;;;;;;;;;;;;;;;;;;;;;;
;;;;;;;;;;;;;;;;;;;;;;;;;;;;;;;;;;;;;
;;;;;;;;;;;;;;;;;;;;;;;;;;;;;;;;;;;;;
;;;;;;;;;;;;;;;;;;;;;;;;;;;;;;;;;;;;;
;;;;;;;;;;;;;;;;;;;;;;;;;;;;;;;;;;;;;
;;;;;;;;;;;;;;;;;;;;;;;;;;;;;;;;;;;;;
;;;;;;;;;;;;;;;;;;;;;;;;;;;;;;;;;;;;;
;;;;;;;;;;;;;;;;;;;;;;;;;;;;;;;;;;;;;
;;;;;;;;;;;;;;;;;;;;;;;;;;;;;;;;;;;;;
;;;;;;;;;;;;;;;;;;;;;;;;;;;;;;;;;;;;;
;;;;;;;;;;;;;;;;;;;;;;;;;;;;;;;;;;;;;
;;;;;;;;;;;;;;;;;;;;;;;;;;;;;;;;;;;;;
;;;;;;;;;;;;;;;;;;;;;;;;;;;;;;;;;;;;;
;;;;;;;;;;;;;;;;;;;;;;;;;;;;;;;;;;;;;
;;;;;;;;;;;;;;;;;;;;;;;;;;;;;;;;;;;;;
;;;;;;;;;;;;;;;;;;;;;;;;;;;;;;;;;;;;;
;;;;;;;;;;;;;;;;;;;;;;;;;;;;;;;;;;;;;
;;;;;;;;;;;;;;;;;;;;;;;;;;;;;;;;;;;;;
;;;;;;;;;;;;;;;;;;;;;;;;;;;;;;;;;;;;;
;;;;;;;;;;;;;;;;;;;;;;;;;;;;;;;;;;;;;
;;;;;;;;;;;;;;;;;;;;;;;;;;;;;;;;;;;;;
;;;;;;;;;;;;;;;;;;;;;;;;;;;;;;;;;;;;;
;;;;;;;;;;;;;;;;;;;;;;;;;;;;;;;;;;;;;
;;;;;;;;;;;;;;;;;;;;;;;;;;;;;;;;;;;;;
;;;;;;;;;;;;;;;;;;;;;;;;;;;;;;;;;;;;;
;;;;;;;;;;;;;;;;;;;;;;;;;;;;;;;;;;;;;
;;;;;;;;;;;;;;;;;;;;;;;;;;;;;;;;;;;;;
;;;;;;;;;;;;;;;;;;;;;;;;;;;;;;;;;;;;;
;;;;;;;;;;;;;;;;;;;;;;;;;;;;;;;;;;;;;
;;;;;;;;;;;;;;;;;;;;;;;;;;;;;;;;;;;;;
;;;;;;;;;;;;;;;;;;;;;;;;;;;;;;;;;;;;;
;;;;;;;;;;;;;;;;;;;;;;;;;;;;;;;;;;;;;
;;;;;;;;;;;;;;;;;;;;;;;;;;;;;;;;;;;;;
;;;;;;;;;;;;;;;;;;;;;;;;;;;;;;;;;;;;;
;;;;;;;;;;;;;;;;;;;;;;;;;;;;;;;;;;;;;
;;;;;;;;;;;;;;;;;;;;;;;;;;;;;;;;;;;;;
;;;;;;;;;;;;;;;;;;;;;;;;;;;;;;;;;;;;;
;;;;;;;;;;;;;;;;;;;;;;;;;;;;;;;;;;;;;
;;;;;;;;;;;;;;;;;;;;;;;;;;;;;;;;;;;;;
;;;;;;;;;;;;;;;;;;;;;;;;;;;;;;;;;;;;;
;;;;;;;;;;;;;;;;;;;;;;;;;;;;;;;;;;;;;
;;;;;;;;;;;;;;;;;;;;;;;;;;;;;;;;;;;;;
;;;;;;;;;;;;;;;;;;;;;;;;;;;;;;;;;;;;;
;;;;;;;;;;;;;;;;;;;;;;;;;;;;;;;;;;;;;
;;;;;;;;;;;;;;;;;;;;;;;;;;;;;;;;;;;;;
;;;;;;;;;;;;;;;;;;;;;;;;;;;;;;;;;;;;;
;;;;;;;;;;;;;;;;;;;;;;;;;;;;;;;;;;;;;
;;;;;;;;;;;;;;;;;;;;;;;;;;;;;;;;;;;;;
;;;;;;;;;;;;;;;;;;;;;;;;;;;;;;;;;;;;;
;;;;;;;;;;;;;;;;;;;;;;;;;;;;;;;;;;;;;
;;;;;;;;;;;;;;;;;;;;;;;;;;;;;;;;;;;;;
;;;;;;;;;;;;;;;;;;;;;;;;;;;;;;;;;;;;;
;;;;;;;;;;;;;;;;;;;;;;;;;;;;;;;;;;;;;
;;;;;;;;;;;;;;;;;;;;;;;;;;;;;;;;;;;;;
;;;;;;;;;;;;;;;;;;;;;;;;;;;;;;;;;;;;;
;;;;;;;;;;;;;;;;;;;;;;;;;;;;;;;;;;;;;
;;;;;;;;;;;;;;;;;;;;;;;;;;;;;;;;;;;;;
;;;;;;;;;;;;;;;;;;;;;;;;;;;;;;;;;;;;;
;;;;;;;;;;;;;;;;;;;;;;;;;;;;;;;;;;;;;
;;;;;;;;;;;;;;;;;;;;;;;;;;;;;;;;;;;;;
;;;;;;;;;;;;;;;;;;;;;;;;;;;;;;;;;;;;;
;;;;;;;;;;;;;;;;;;;;;;;;;;;;;;;;;;;;;
;;;;;;;;;;;;;;;;;;;;;;;;;;;;;;;;;;;;;
;;;;;;;;;;;;;;;;;;;;;;;;;;;;;;;;;;;;;
;;;;;;;;;;;;;;;;;;;;;;;;;;;;;;;;;;;;;
;;;;;;;;;;;;;;;;;;;;;;;;;;;;;;;;;;;;;
;;;;;;;;;;;;;;;;;;;;;;;;;;;;;;;;;;;;;
;;;;;;;;;;;;;;;;;;;;;;;;;;;;;;;;;;;;;
;;;;;;;;;;;;;;;;;;;;;;;;;;;;;;;;;;;;;
;;;;;;;;;;;;;;;;;;;;;;;;;;;;;;;;;;;;;
;;;;;;;;;;;;;;;;;;;;;;;;;;;;;;;;;;;;;
;;;;;;;;;;;;;;;;;;;;;;;;;;;;;;;;;;;;;
;;;;;;;;;;;;;;;;;;;;;;;;;;;;;;;;;;;;;
;;;;;;;;;;;;;;;;;;;;;;;;;;;;;;;;;;;;;
;;;;;;;;;;;;;;;;;;;;;;;;;;;;;;;;;;;;;
;;;;;;;;;;;;;;;;;;;;;;;;;;;;;;;;;;;;;
;;;;;;;;;;;;;;;;;;;;;;;;;;;;;;;;;;;;;
;;;;;;;;;;;;;;;;;;;;;;;;;;;;;;;;;;;;;
;;;;;;;;;;;;;;;;;;;;;;;;;;;;;;;;;;;;;
;;;;;;;;;;;;;;;;;;;;;;;;;;;;;;;;;;;;;
;;;;;;;;;;;;;;;;;;;;;;;;;;;;;;;;;;;;;
;;;;;;;;;;;;;;;;;;;;;;;;;;;;;;;;;;;;;
;;;;;;;;;;;;;;;;;;;;;;;;;;;;;;;;;;;;;
;;;;;;;;;;;;;;;;;;;;;;;;;;;;;;;;;;;;;
;;;;;;;;;;;;;;;;;;;;;;;;;;;;;;;;;;;;;
;;;;;;;;;;;;;;;;;;;;;;;;;;;;;;;;;;;;;
;;;;;;;;;;;;;;;;;;;;;;;;;;;;;;;;;;;;;
;;;;;;;;;;;;;;;;;;;;;;;;;;;;;;;;;;;;;
;;;;;;;;;;;;;;;;;;;;;;;;;;;;;;;;;;;;;
;;;;;;;;;;;;;;;;;;;;;;;;;;;;;;;;;;;;;
;;;;;;;;;;;;;;;;;;;;;;;;;;;;;;;;;;;;;
;;;;;;;;;;;;;;;;;;;;;;;;;;;;;;;;;;;;;
;;;;;;;;;;;;;;;;;;;;;;;;;;;;;;;;;;;;;
;;;;;;;;;;;;;;;;;;;;;;;;;;;;;;;;;;;;;
;;;;;;;;;;;;;;;;;;;;;;;;;;;;;;;;;;;;;
;;;;;;;;;;;;;;;;;;;;;;;;;;;;;;;;;;;;;
;;;;;;;;;;;;;;;;;;;;;;;;;;;;;;;;;;;;;
;;;;;;;;;;;;;;;;;;;;;;;;;;;;;;;;;;;;;
;;;;;;;;;;;;;;;;;;;;;;;;;;;;;;;;;;;;;
;;;;;;;;;;;;;;;;;;;;;;;;;;;;;;;;;;;;;
;;;;;;;;;;;;;;;;;;;;;;;;;;;;;;;;;;;;;
;;;;;;;;;;;;;;;;;;;;;;;;;;;;;;;;;;;;;
;;;;;;;;;;;;;;;;;;;;;;;;;;;;;;;;;;;;;
;;;;;;;;;;;;;;;;;;;;;;;;;;;;;;;;;;;;;
;;;;;;;;;;;;;;;;;;;;;;;;;;;;;;;;;;;;;
;;;;;;;;;;;;;;;;;;;;;;;;;;;;;;;;;;;;;
;;;;;;;;;;;;;;;;;;;;;;;;;;;;;;;;;;;;;
;;;;;;;;;;;;;;;;;;;;;;;;;;;;;;;;;;;;;
;;;;;;;;;;;;;;;;;;;;;;;;;;;;;;;;;;;;;
;;;;;;;;;;;;;;;;;;;;;;;;;;;;;;;;;;;;;
;;;;;;;;;;;;;;;;;;;;;;;;;;;;;;;;;;;;;
;;;;;;;;;;;;;;;;;;;;;;;;;;;;;;;;;;;;;
;;;;;;;;;;;;;;;;;;;;;;;;;;;;;;;;;;;;;
;;;;;;;;;;;;;;;;;;;;;;;;;;;;;;;;;;;;;
;;;;;;;;;;;;;;;;;;;;;;;;;;;;;;;;;;;;;
;;;;;;;;;;;;;;;;;;;;;;;;;;;;;;;;;;;;;
;;;;;;;;;;;;;;;;;;;;;;;;;;;;;;;;;;;;;
;;;;;;;;;;;;;;;;;;;;;;;;;;;;;;;;;;;;;
;;;;;;;;;;;;;;;;;;;;;;;;;;;;;;;;;;;;;
;;;;;;;;;;;;;;;;;;;;;;;;;;;;;;;;;;;;;
;;;;;;;;;;;;;;;;;;;;;;;;;;;;;;;;;;;;;
;;;;;;;;;;;;;;;;;;;;;;;;;;;;;;;;;;;;;
;;;;;;;;;;;;;;;;;;;;;;;;;;;;;;;;;;;;;
;;;;;;;;;;;;;;;;;;;;;;;;;;;;;;;;;;;;;
;;;;;;;;;;;;;;;;;;;;;;;;;;;;;;;;;;;;;
;;;;;;;;;;;;;;;;;;;;;;;;;;;;;;;;;;;;;
;;;;;;;;;;;;;;;;;;;;;;;;;;;;;;;;;;;;;
;;;;;;;;;;;;;;;;;;;;;;;;;;;;;;;;;;;;;
;;;;;;;;;;;;;;;;;;;;;;;;;;;;;;;;;;;;;
;;;;;;;;;;;;;;;;;;;;;;;;;;;;;;;;;;;;;
;;;;;;;;;;;;;;;;;;;;;;;;;;;;;;;;;;;;;
;;;;;;;;;;;;;;;;;;;;;;;;;;;;;;;;;;;;;
;;;;;;;;;;;;;;;;;;;;;;;;;;;;;;;;;;;;;
;;;;;;;;;;;;;;;;;;;;;;;;;;;;;;;;;;;;;
;;;;;;;;;;;;;;;;;;;;;;;;;;;;;;;;;;;;;
;;;;;;;;;;;;;;;;;;;;;;;;;;;;;;;;;;;;;
;;;;;;;;;;;;;;;;;;;;;;;;;;;;;;;;;;;;;
;;;;;;;;;;;;;;;;;;;;;;;;;;;;;;;;;;;;;
;;;;;;;;;;;;;;;;;;;;;;;;;;;;;;;;;;;;;
;;;;;;;;;;;;;;;;;;;;;;;;;;;;;;;;;;;;;
;;;;;;;;;;;;;;;;;;;;;;;;;;;;;;;;;;;;;
;;;;;;;;;;;;;;;;;;;;;;;;;;;;;;;;;;;;;
;;;;;;;;;;;;;;;;;;;;;;;;;;;;;;;;;;;;;
;;;;;;;;;;;;;;;;;;;;;;;;;;;;;;;;;;;;;
;;;;;;;;;;;;;;;;;;;;;;;;;;;;;;;;;;;;;
;;;;;;;;;;;;;;;;;;;;;;;;;;;;;;;;;;;;;
;;;;;;;;;;;;;;;;;;;;;;;;;;;;;;;;;;;;;
;;;;;;;;;;;;;;;;;;;;;;;;;;;;;;;;;;;;;
;;;;;;;;;;;;;;;;;;;;;;;;;;;;;;;;;;;;;
;;;;;;;;;;;;;;;;;;;;;;;;;;;;;;;;;;;;;
;;;;;;;;;;;;;;;;;;;;;;;;;;;;;;;;;;;;;
;;;;;;;;;;;;;;;;;;;;;;;;;;;;;;;;;;;;;
;;;;;;;;;;;;;;;;;;;;;;;;;;;;;;;;;;;;;
;;;;;;;;;;;;;;;;;;;;;;;;;;;;;;;;;;;;;
;;;;;;;;;;;;;;;;;;;;;;;;;;;;;;;;;;;;;
;;;;;;;;;;;;;;;;;;;;;;;;;;;;;;;;;;;;;
;;;;;;;;;;;;;;;;;;;;;;;;;;;;;;;;;;;;;
;;;;;;;;;;;;;;;;;;;;;;;;;;;;;;;;;;;;;
;;;;;;;;;;;;;;;;;;;;;;;;;;;;;;;;;;;;;
;;;;;;;;;;;;;;;;;;;;;;;;;;;;;;;;;;;;;
;;;;;;;;;;;;;;;;;;;;;;;;;;;;;;;;;;;;;
;;;;;;;;;;;;;;;;;;;;;;;;;;;;;;;;;;;;;
;;;;;;;;;;;;;;;;;;;;;;;;;;;;;;;;;;;;;
;;;;;;;;;;;;;;;;;;;;;;;;;;;;;;;;;;;;;
;;;;;;;;;;;;;;;;;;;;;;;;;;;;;;;;;;;;;
;;;;;;;;;;;;;;;;;;;;;;;;;;;;;;;;;;;;;
;;;;;;;;;;;;;;;;;;;;;;;;;;;;;;;;;;;;;
;;;;;;;;;;;;;;;;;;;;;;;;;;;;;;;;;;;;;
;;;;;;;;;;;;;;;;;;;;;;;;;;;;;;;;;;;;;
;;;;;;;;;;;;;;;;;;;;;;;;;;;;;;;;;;;;;
;;;;;;;;;;;;;;;;;;;;;;;;;;;;;;;;;;;;;
;;;;;;;;;;;;;;;;;;;;;;;;;;;;;;;;;;;;;
;;;;;;;;;;;;;;;;;;;;;;;;;;;;;;;;;;;;;
;;;;;;;;;;;;;;;;;;;;;;;;;;;;;;;;;;;;;
;;;;;;;;;;;;;;;;;;;;;;;;;;;;;;;;;;;;;
;;;;;;;;;;;;;;;;;;;;;;;;;;;;;;;;;;;;;
;;;;;;;;;;;;;;;;;;;;;;;;;;;;;;;;;;;;;
;;;;;;;;;;;;;;;;;;;;;;;;;;;;;;;;;;;;;
;;;;;;;;;;;;;;;;;;;;;;;;;;;;;;;;;;;;;
;;;;;;;;;;;;;;;;;;;;;;;;;;;;;;;;;;;;;
;;;;;;;;;;;;;;;;;;;;;;;;;;;;;;;;;;;;;
;;;;;;;;;;;;;;;;;;;;;;;;;;;;;;;;;;;;;
;;;;;;;;;;;;;;;;;;;;;;;;;;;;;;;;;;;;;
;;;;;;;;;;;;;;;;;;;;;;;;;;;;;;;;;;;;;
;;;;;;;;;;;;;;;;;;;;;;;;;;;;;;;;;;;;;
;;;;;;;;;;;;;;;;;;;;;;;;;;;;;;;;;;;;;
;;;;;;;;;;;;;;;;;;;;;;;;;;;;;;;;;;;;;
;;;;;;;;;;;;;;;;;;;;;;;;;;;;;;;;;;;;;
;;;;;;;;;;;;;;;;;;;;;;;;;;;;;;;;;;;;;
;;;;;;;;;;;;;;;;;;;;;;;;;;;;;;;;;;;;;
;;;;;;;;;;;;;;;;;;;;;;;;;;;;;;;;;;;;;
;;;;;;;;;;;;;;;;;;;;;;;;;;;;;;;;;;;;;
;;;;;;;;;;;;;;;;;;;;;;;;;;;;;;;;;;;;;
;;;;;;;;;;;;;;;;;;;;;;;;;;;;;;;;;;;;;
;;;;;;;;;;;;;;;;;;;;;;;;;;;;;;;;;;;;;
;;;;;;;;;;;;;;;;;;;;;;;;;;;;;;;;;;;;;
;;;;;;;;;;;;;;;;;;;;;;;;;;;;;;;;;;;;;
;;;;;;;;;;;;;;;;;;;;;;;;;;;;;;;;;;;;;
;;;;;;;;;;;;;;;;;;;;;;;;;;;;;;;;;;;;;
;;;;;;;;;;;;;;;;;;;;;;;;;;;;;;;;;;;;;
;;;;;;;;;;;;;;;;;;;;;;;;;;;;;;;;;;;;;
;;;;;;;;;;;;;;;;;;;;;;;;;;;;;;;;;;;;;
;;;;;;;;;;;;;;;;;;;;;;;;;;;;;;;;;;;;;
;;;;;;;;;;;;;;;;;;;;;;;;;;;;;;;;;;;;;
;;;;;;;;;;;;;;;;;;;;;;;;;;;;;;;;;;;;;
;;;;;;;;;;;;;;;;;;;;;;;;;;;;;;;;;;;;;
;;;;;;;;;;;;;;;;;;;;;;;;;;;;;;;;;;;;;
;;;;;;;;;;;;;;;;;;;;;;;;;;;;;;;;;;;;;
;;;;;;;;;;;;;;;;;;;;;;;;;;;;;;;;;;;;;
;;;;;;;;;;;;;;;;;;;;;;;;;;;;;;;;;;;;;
;;;;;;;;;;;;;;;;;;;;;;;;;;;;;;;;;;;;;
;;;;;;;;;;;;;;;;;;;;;;;;;;;;;;;;;;;;;
;;;;;;;;;;;;;;;;;;;;;;;;;;;;;;;;;;;;;
;;;;;;;;;;;;;;;;;;;;;;;;;;;;;;;;;;;;;
;;;;;;;;;;;;;;;;;;;;;;;;;;;;;;;;;;;;;
;;;;;;;;;;;;;;;;;;;;;;;;;;;;;;;;;;;;;
;;;;;;;;;;;;;;;;;;;;;;;;;;;;;;;;;;;;;
;;;;;;;;;;;;;;;;;;;;;;;;;;;;;;;;;;;;;
;;;;;;;;;;;;;;;;;;;;;;;;;;;;;;;;;;;;;
;;;;;;;;;;;;;;;;;;;;;;;;;;;;;;;;;;;;;
;;;;;;;;;;;;;;;;;;;;;;;;;;;;;;;;;;;;;
;;;;;;;;;;;;;;;;;;;;;;;;;;;;;;;;;;;;;
;;;;;;;;;;;;;;;;;;;;;;;;;;;;;;;;;;;;;
;;;;;;;;;;;;;;;;;;;;;;;;;;;;;;;;;;;;;
;;;;;;;;;;;;;;;;;;;;;;;;;;;;;;;;;;;;;
;;;;;;;;;;;;;;;;;;;;;;;;;;;;;;;;;;;;;
;;;;;;;;;;;;;;;;;;;;;;;;;;;;;;;;;;;;;
;;;;;;;;;;;;;;;;;;;;;;;;;;;;;;;;;;;;;
;;;;;;;;;;;;;;;;;;;;;;;;;;;;;;;;;;;;;
;;;;;;;;;;;;;;;;;;;;;;;;;;;;;;;;;;;;;
;;;;;;;;;;;;;;;;;;;;;;;;;;;;;;;;;;;;;
;;;;;;;;;;;;;;;;;;;;;;;;;;;;;;;;;;;;;
;;;;;;;;;;;;;;;;;;;;;;;;;;;;;;;;;;;;;
;;;;;;;;;;;;;;;;;;;;;;;;;;;;;;;;;;;;;
;;;;;;;;;;;;;;;;;;;;;;;;;;;;;;;;;;;;;
;;;;;;;;;;;;;;;;;;;;;;;;;;;;;;;;;;;;;
;;;;;;;;;;;;;;;;;;;;;;;;;;;;;;;;;;;;;
;;;;;;;;;;;;;;;;;;;;;;;;;;;;;;;;;;;;;
;;;;;;;;;;;;;;;;;;;;;;;;;;;;;;;;;;;;;
;;;;;;;;;;;;;;;;;;;;;;;;;;;;;;;;;;;;;
;;;;;;;;;;;;;;;;;;;;;;;;;;;;;;;;;;;;;
;;;;;;;;;;;;;;;;;;;;;;;;;;;;;;;;;;;;;
;;;;;;;;;;;;;;;;;;;;;;;;;;;;;;;;;;;;;
;;;;;;;;;;;;;;;;;;;;;;;;;;;;;;;;;;;;;
;;;;;;;;;;;;;;;;;;;;;;;;;;;;;;;;;;;;;
;;;;;;;;;;;;;;;;;;;;;;;;;;;;;;;;;;;;;
;;;;;;;;;;;;;;;;;;;;;;;;;;;;;;;;;;;;;
;;;;;;;;;;;;;;;;;;;;;;;;;;;;;;;;;;;;;
;;;;;;;;;;;;;;;;;;;;;;;;;;;;;;;;;;;;;
;;;;;;;;;;;;;;;;;;;;;;;;;;;;;;;;;;;;;
;;;;;;;;;;;;;;;;;;;;;;;;;;;;;;;;;;;;;
;;;;;;;;;;;;;;;;;;;;;;;;;;;;;;;;;;;;;
;;;;;;;;;;;;;;;;;;;;;;;;;;;;;;;;;;;;;
;;;;;;;;;;;;;;;;;;;;;;;;;;;;;;;;;;;;;
;;;;;;;;;;;;;;;;;;;;;;;;;;;;;;;;;;;;;
;;;;;;;;;;;;;;;;;;;;;;;;;;;;;;;;;;;;;
;;;;;;;;;;;;;;;;;;;;;;;;;;;;;;;;;;;;;
;;;;;;;;;;;;;;;;;;;;;;;;;;;;;;;;;;;;;
;;;;;;;;;;;;;;;;;;;;;;;;;;;;;;;;;;;;;
;;;;;;;;;;;;;;;;;;;;;;;;;;;;;;;;;;;;;
;;;;;;;;;;;;;;;;;;;;;;;;;;;;;;;;;;;;;
;;;;;;;;;;;;;;;;;;;;;;;;;;;;;;;;;;;;;
;;;;;;;;;;;;;;;;;;;;;;;;;;;;;;;;;;;;;
;;;;;;;;;;;;;;;;;;;;;;;;;;;;;;;;;;;;;
;;;;;;;;;;;;;;;;;;;;;;;;;;;;;;;;;;;;;
;;;;;;;;;;;;;;;;;;;;;;;;;;;;;;;;;;;;;
;;;;;;;;;;;;;;;;;;;;;;;;;;;;;;;;;;;;;
;;;;;;;;;;;;;;;;;;;;;;;;;;;;;;;;;;;;;
;;;;;;;;;;;;;;;;;;;;;;;;;;;;;;;;;;;;;
;;;;;;;;;;;;;;;;;;;;;;;;;;;;;;;;;;;;;
;;;;;;;;;;;;;;;;;;;;;;;;;;;;;;;;;;;;;
;;;;;;;;;;;;;;;;;;;;;;;;;;;;;;;;;;;;;
;;;;;;;;;;;;;;;;;;;;;;;;;;;;;;;;;;;;;
;;;;;;;;;;;;;;;;;;;;;;;;;;;;;;;;;;;;;
;;;;;;;;;;;;;;;;;;;;;;;;;;;;;;;;;;;;;
;;;;;;;;;;;;;;;;;;;;;;;;;;;;;;;;;;;;;
;;;;;;;;;;;;;;;;;;;;;;;;;;;;;;;;;;;;;
;;;;;;;;;;;;;;;;;;;;;;;;;;;;;;;;;;;;;
;;;;;;;;;;;;;;;;;;;;;;;;;;;;;;;;;;;;;
;;;;;;;;;;;;;;;;;;;;;;;;;;;;;;;;;;;;;
;;;;;;;;;;;;;;;;;;;;;;;;;;;;;;;;;;;;;
;;;;;;;;;;;;;;;;;;;;;;;;;;;;;;;;;;;;;
;;;;;;;;;;;;;;;;;;;;;;;;;;;;;;;;;;;;;
;;;;;;;;;;;;;;;;;;;;;;;;;;;;;;;;;;;;;
;;;;;;;;;;;;;;;;;;;;;;;;;;;;;;;;;;;;;
;;;;;;;;;;;;;;;;;;;;;;;;;;;;;;;;;;;;;
;;;;;;;;;;;;;;;;;;;;;;;;;;;;;;;;;;;;;
;;;;;;;;;;;;;;;;;;;;;;;;;;;;;;;;;;;;;
;;;;;;;;;;;;;;;;;;;;;;;;;;;;;;;;;;;;;
;;;;;;;;;;;;;;;;;;;;;;;;;;;;;;;;;;;;;
;;;;;;;;;;;;;;;;;;;;;;;;;;;;;;;;;;;;;
;;;;;;;;;;;;;;;;;;;;;;;;;;;;;;;;;;;;;
;;;;;;;;;;;;;;;;;;;;;;;;;;;;;;;;;;;;;
;;;;;;;;;;;;;;;;;;;;;;;;;;;;;;;;;;;;;
;;;;;;;;;;;;;;;;;;;;;;;;;;;;;;;;;;;;;
;;;;;;;;;;;;;;;;;;;;;;;;;;;;;;;;;;;;;
;;;;;;;;;;;;;;;;;;;;;;;;;;;;;;;;;;;;;
;;;;;;;;;;;;;;;;;;;;;;;;;;;;;;;;;;;;;
;;;;;;;;;;;;;;;;;;;;;;;;;;;;;;;;;;;;;
;;;;;;;;;;;;;;;;;;;;;;;;;;;;;;;;;;;;;
;;;;;;;;;;;;;;;;;;;;;;;;;;;;;;;;;;;;;
;;;;;;;;;;;;;;;;;;;;;;;;;;;;;;;;;;;;;
;;;;;;;;;;;;;;;;;;;;;;;;;;;;;;;;;;;;;
;;;;;;;;;;;;;;;;;;;;;;;;;;;;;;;;;;;;;
;;;;;;;;;;;;;;;;;;;;;;;;;;;;;;;;;;;;;
;;;;;;;;;;;;;;;;;;;;;;;;;;;;;;;;;;;;;
;;;;;;;;;;;;;;;;;;;;;;;;;;;;;;;;;;;;;
;;;;;;;;;;;;;;;;;;;;;;;;;;;;;;;;;;;;;
;;;;;;;;;;;;;;;;;;;;;;;;;;;;;;;;;;;;;
;;;;;;;;;;;;;;;;;;;;;;;;;;;;;;;;;;;;;
;;;;;;;;;;;;;;;;;;;;;;;;;;;;;;;;;;;;;
;;;;;;;;;;;;;;;;;;;;;;;;;;;;;;;;;;;;;
;;;;;;;;;;;;;;;;;;;;;;;;;;;;;;;;;;;;;
;;;;;;;;;;;;;;;;;;;;;;;;;;;;;;;;;;;;;
;;;;;;;;;;;;;;;;;;;;;;;;;;;;;;;;;;;;;
;;;;;;;;;;;;;;;;;;;;;;;;;;;;;;;;;;;;;
;;;;;;;;;;;;;;;;;;;;;;;;;;;;;;;;;;;;;
;;;;;;;;;;;;;;;;;;;;;;;;;;;;;;;;;;;;;
;;;;;;;;;;;;;;;;;;;;;;;;;;;;;;;;;;;;;
;;;;;;;;;;;;;;;;;;;;;;;;;;;;;;;;;;;;;
;;;;;;;;;;;;;;;;;;;;;;;;;;;;;;;;;;;;;
;;;;;;;;;;;;;;;;;;;;;;;;;;;;;;;;;;;;;
;;;;;;;;;;;;;;;;;;;;;;;;;;;;;;;;;;;;;
;;;;;;;;;;;;;;;;;;;;;;;;;;;;;;;;;;;;;
;;;;;;;;;;;;;;;;;;;;;;;;;;;;;;;;;;;;;
;;;;;;;;;;;;;;;;;;;;;;;;;;;;;;;;;;;;;
;;;;;;;;;;;;;;;;;;;;;;;;;;;;;;;;;;;;;
;;;;;;;;;;;;;;;;;;;;;;;;;;;;;;;;;;;;;
;;;;;;;;;;;;;;;;;;;;;;;;;;;;;;;;;;;;;
;;;;;;;;;;;;;;;;;;;;;;;;;;;;;;;;;;;;;
;;;;;;;;;;;;;;;;;;;;;;;;;;;;;;;;;;;;;
;;;;;;;;;;;;;;;;;;;;;;;;;;;;;;;;;;;;;
;;;;;;;;;;;;;;;;;;;;;;;;;;;;;;;;;;;;;
;;;;;;;;;;;;;;;;;;;;;;;;;;;;;;;;;;;;;
;;;;;;;;;;;;;;;;;;;;;;;;;;;;;;;;;;;;;
;;;;;;;;;;;;;;;;;;;;;;;;;;;;;;;;;;;;;
;;;;;;;;;;;;;;;;;;;;;;;;;;;;;;;;;;;;;
;;;;;;;;;;;;;;;;;;;;;;;;;;;;;;;;;;;;;
;;;;;;;;;;;;;;;;;;;;;;;;;;;;;;;;;;;;;
;;;;;;;;;;;;;;;;;;;;;;;;;;;;;;;;;;;;;
;;;;;;;;;;;;;;;;;;;;;;;;;;;;;;;;;;;;;
;;;;;;;;;;;;;;;;;;;;;;;;;;;;;;;;;;;;;
;;;;;;;;;;;;;;;;;;;;;;;;;;;;;;;;;;;;;
;;;;;;;;;;;;;;;;;;;;;;;;;;;;;;;;;;;;;
;;;;;;;;;;;;;;;;;;;;;;;;;;;;;;;;;;;;;
;;;;;;;;;;;;;;;;;;;;;;;;;;;;;;;;;;;;;
;;;;;;;;;;;;;;;;;;;;;;;;;;;;;;;;;;;;;
;;;;;;;;;;;;;;;;;;;;;;;;;;;;;;;;;;;;;
;;;;;;;;;;;;;;;;;;;;;;;;;;;;;;;;;;;;;
;;;;;;;;;;;;;;;;;;;;;;;;;;;;;;;;;;;;;
;;;;;;;;;;;;;;;;;;;;;;;;;;;;;;;;;;;;;
;;;;;;;;;;;;;;;;;;;;;;;;;;;;;;;;;;;;;
;;;;;;;;;;;;;;;;;;;;;;;;;;;;;;;;;;;;;
;;;;;;;;;;;;;;;;;;;;;;;;;;;;;;;;;;;;;
;;;;;;;;;;;;;;;;;;;;;;;;;;;;;;;;;;;;;
;;;;;;;;;;;;;;;;;;;;;;;;;;;;;;;;;;;;;
;;;;;;;;;;;;;;;;;;;;;;;;;;;;;;;;;;;;;
;;;;;;;;;;;;;;;;;;;;;;;;;;;;;;;;;;;;;
;;;;;;;;;;;;;;;;;;;;;;;;;;;;;;;;;;;;;
;;;;;;;;;;;;;;;;;;;;;;;;;;;;;;;;;;;;;
;;;;;;;;;;;;;;;;;;;;;;;;;;;;;;;;;;;;;
;;;;;;;;;;;;;;;;;;;;;;;;;;;;;;;;;;;;;
;;;;;;;;;;;;;;;;;;;;;;;;;;;;;;;;;;;;;
;;;;;;;;;;;;;;;;;;;;;;;;;;;;;;;;;;;;;
;;;;;;;;;;;;;;;;;;;;;;;;;;;;;;;;;;;;;
;;;;;;;;;;;;;;;;;;;;;;;;;;;;;;;;;;;;;
;;;;;;;;;;;;;;;;;;;;;;;;;;;;;;;;;;;;;
;;;;;;;;;;;;;;;;;;;;;;;;;;;;;;;;;;;;;
;;;;;;;;;;;;;;;;;;;;;;;;;;;;;;;;;;;;;
;;;;;;;;;;;;;;;;;;;;;;;;;;;;;;;;;;;;;
;;;;;;;;;;;;;;;;;;;;;;;;;;;;;;;;;;;;;
;;;;;;;;;;;;;;;;;;;;;;;;;;;;;;;;;;;;;
;;;;;;;;;;;;;;;;;;;;;;;;;;;;;;;;;;;;;
;;;;;;;;;;;;;;;;;;;;;;;;;;;;;;;;;;;;;
;;;;;;;;;;;;;;;;;;;;;;;;;;;;;;;;;;;;;
;;;;;;;;;;;;;;;;;;;;;;;;;;;;;;;;;;;;;
;;;;;;;;;;;;;;;;;;;;;;;;;;;;;;;;;;;;;
;;;;;;;;;;;;;;;;;;;;;;;;;;;;;;;;;;;;;
